/*
TrinityCore Jukebox
By Rochet2
Downloaded from http://rochet2.github.io/
Bugs and contact with E-mail: Rochet2@post.com
All Credit Go for Rochet2 - Just Modified Name and ID :P
*/

SET
@ENTRY          := 900102,
@NAME           := "VietWow Music Band",
@SUBNAME        := "",
@MODEL          := 21661,
@TEXT_ID        := 300010,
@GOSSIP_MENU    := 50020;


DELETE FROM creature_template WHERE entry = @ENTRY;
DELETE FROM gossip_menu WHERE entry BETWEEN @GOSSIP_MENU AND @GOSSIP_MENU+45;
DELETE FROM npc_text WHERE ID BETWEEN @TEXT_ID AND @TEXT_ID+6;
DELETE FROM smart_scripts WHERE entryorguid = @ENTRY AND source_type = 0;
DELETE FROM gossip_menu_option WHERE menu_id BETWEEN @GOSSIP_MENU AND @GOSSIP_MENU+45;

INSERT INTO creature_template (entry, modelid1, name, subname, IconName, gossip_menu_id, minlevel, maxlevel, faction_A,faction_H, npcflag, speed_walk, speed_run, scale, rank, unit_class, unit_flags, type, type_flags, InhabitType, RegenHealth, flags_extra, AiName) VALUES
(@ENTRY, @MODEL, @NAME, @SUBNAME, "", @GOSSIP_MENU, 71, 71, 35,35, 3, 1, 1.14286, 1.25, 1, 1, 2, 7, 138936390, 3, 1, 2, "SmartAI");

-- Respawn 
delete from creature where id=900102;
insert into `creature` (`guid`, `id`, `map`, `zoneId`, `areaId`, `spawnMask`, `phaseMask`, `modelid`, `equipment_id`, `position_x`, `position_y`, `position_z`, `orientation`, `spawntimesecs`, `spawndist`, `currentwaypoint`, `curhealth`, `curmana`, `MovementType`, `npcflag`, `npcflag2`, `unit_flags`, `unit_flags2`, `dynamicflags`, `isActive`, `protec_anti_doublet`) values(NULL,'900102','870','0','0','1','65535','0','0','1620.63','940.226','471.146','3.22165','300','0','0','8326','0','0','0','0','0','2048','0','0',NULL);
insert into `creature` (`guid`, `id`, `map`, `zoneId`, `areaId`, `spawnMask`, `phaseMask`, `modelid`, `equipment_id`, `position_x`, `position_y`, `position_z`, `orientation`, `spawntimesecs`, `spawndist`, `currentwaypoint`, `curhealth`, `curmana`, `MovementType`, `npcflag`, `npcflag2`, `unit_flags`, `unit_flags2`, `dynamicflags`, `isActive`, `protec_anti_doublet`) values(NULL,'900102','870','0','0','1','65535','0','0','858.236','310.39','503.105','5.31186','300','0','0','8326','0','0','0','0','0','2048','0','0',NULL);


INSERT INTO gossip_menu (entry, text_id) VALUES 
(@GOSSIP_MENU, @TEXT_ID),
(@GOSSIP_MENU+1, @TEXT_ID+2),
(@GOSSIP_MENU+2, @TEXT_ID+2),
(@GOSSIP_MENU+3, @TEXT_ID+2),
(@GOSSIP_MENU+4, @TEXT_ID+2),
(@GOSSIP_MENU+5, @TEXT_ID+2),
(@GOSSIP_MENU+6, @TEXT_ID+2),
(@GOSSIP_MENU+7, @TEXT_ID+2),
(@GOSSIP_MENU+8, @TEXT_ID+2),
(@GOSSIP_MENU+9, @TEXT_ID+2),
(@GOSSIP_MENU+10, @TEXT_ID+2),
(@GOSSIP_MENU+11, @TEXT_ID+2),
(@GOSSIP_MENU+12, @TEXT_ID+2),
(@GOSSIP_MENU+13, @TEXT_ID+2),
(@GOSSIP_MENU+14, @TEXT_ID+2),
(@GOSSIP_MENU+15, @TEXT_ID+2),
(@GOSSIP_MENU+16, @TEXT_ID+2),
(@GOSSIP_MENU+17, @TEXT_ID+2),
(@GOSSIP_MENU+18, @TEXT_ID+2),
(@GOSSIP_MENU+19, @TEXT_ID+2),
(@GOSSIP_MENU+20, @TEXT_ID+2),
(@GOSSIP_MENU+21, @TEXT_ID+2),
(@GOSSIP_MENU+22, @TEXT_ID+2),
(@GOSSIP_MENU+23, @TEXT_ID+2),
(@GOSSIP_MENU+24, @TEXT_ID+2),
(@GOSSIP_MENU+25, @TEXT_ID+2),
(@GOSSIP_MENU+26, @TEXT_ID+2),
(@GOSSIP_MENU+27, @TEXT_ID+2),
(@GOSSIP_MENU+28, @TEXT_ID+2),
(@GOSSIP_MENU+29, @TEXT_ID+2),
(@GOSSIP_MENU+30, @TEXT_ID+2),
(@GOSSIP_MENU+31, @TEXT_ID+2),
(@GOSSIP_MENU+32, @TEXT_ID+2),
(@GOSSIP_MENU+33, @TEXT_ID+2),
(@GOSSIP_MENU+34, @TEXT_ID+2),
(@GOSSIP_MENU+35, @TEXT_ID+2),
(@GOSSIP_MENU+36, @TEXT_ID+1),
(@GOSSIP_MENU+37, @TEXT_ID+3),
(@GOSSIP_MENU+38, @TEXT_ID+3),
(@GOSSIP_MENU+39, @TEXT_ID+3),
(@GOSSIP_MENU+40, @TEXT_ID+3),
(@GOSSIP_MENU+41, @TEXT_ID+4),
(@GOSSIP_MENU+42, @TEXT_ID+5),
(@GOSSIP_MENU+43, @TEXT_ID+6),
(@GOSSIP_MENU+44, @TEXT_ID+3),
(@GOSSIP_MENU+45, @TEXT_ID+3);

INSERT INTO npc_text (ID, text0_0, em0_1) VALUES 
(@TEXT_ID+6, "Page five$B$B$B Select a song and I will play it.$B$B", 0),
(@TEXT_ID+5, "Page four$B$B$B Select a song and I will play it.$B$B", 0),
(@TEXT_ID+4, "Page three$B$B$B Select a song and I will play it.$B$B", 0),
(@TEXT_ID+3, "Page two$B$B$B Select a song and I will play it.$B$B", 0),
(@TEXT_ID+2, "Page one$B$B$B Select a song and I will play it.$B$B", 0),
(@TEXT_ID+1, "Main menu two$B$B$B What would you like to hear $C?$B$B", 0),
(@TEXT_ID, "Main menu$B$B$B Hello $N. What would you like to hear?$B$B", 0);

INSERT INTO gossip_menu_option (menu_id, id, option_icon, option_text, option_id, npc_option_npcflag, action_menu_id, action_poi_id, box_coded, box_money, box_text) VALUES 
(@GOSSIP_MENU, 1, 8, "Logo", 1, 1, @GOSSIP_MENU, 0, 0, 0, "Sure about the movie?"),
(@GOSSIP_MENU, 2, 8, "Intro", 1, 1, @GOSSIP_MENU, 0, 0, 0, "Sure about the movie?"),
(@GOSSIP_MENU, 3, 8, "Wrathgate", 1, 1, @GOSSIP_MENU, 0, 0, 0, "Sure about the movie?"),
(@GOSSIP_MENU, 4, 8, "Fall of the Lich King", 1, 1, @GOSSIP_MENU, 0, 0, 0, "Sure about the movie?"),
(@GOSSIP_MENU, 5, 3, "Ulduar", 1, 1, @GOSSIP_MENU+1, 0, 0, 0, ""),
(@GOSSIP_MENU, 6, 3, "Icecrown", 1, 1, @GOSSIP_MENU+2, 0, 0, 0, ""),
(@GOSSIP_MENU, 7, 3, "Argent tournament", 1, 1, @GOSSIP_MENU+3, 0, 0, 0, ""),
(@GOSSIP_MENU, 8, 3, "World events", 1, 1, @GOSSIP_MENU+4, 0, 0, 0, ""),
(@GOSSIP_MENU, 9, 3, "Musical moments", 1, 1, @GOSSIP_MENU+5, 0, 0, 0, ""),
(@GOSSIP_MENU, 10, 3, "City music", 1, 1, @GOSSIP_MENU+6, 0, 0, 0, ""),
(@GOSSIP_MENU, 11, 3, "Zone music", 1, 1, @GOSSIP_MENU+7, 0, 0, 0, ""),
(@GOSSIP_MENU, 12, 3, "Sunwell", 1, 1, @GOSSIP_MENU+8, 0, 0, 0, ""),
(@GOSSIP_MENU, 13, 3, "Stratholme", 1, 1, @GOSSIP_MENU+9, 0, 0, 0, ""),
(@GOSSIP_MENU, 14, 3, "Sholazar Basin", 1, 1, @GOSSIP_MENU+10, 0, 0, 0, ""),
(@GOSSIP_MENU, 15, 3, "Outland general", 1, 1, @GOSSIP_MENU+11, 0, 0, 0, ""),
(@GOSSIP_MENU, 16, 3, "Northrend", 1, 1, @GOSSIP_MENU+12, 0, 0, 0, ""),
(@GOSSIP_MENU, 17, 3, "Naxxramas", 1, 1, @GOSSIP_MENU+13, 0, 0, 0, ""),
(@GOSSIP_MENU, 18, 3, "Karazhan", 1, 1, @GOSSIP_MENU+14, 0, 0, 0, ""),
(@GOSSIP_MENU, 19, 7, "Ping!", 1, 1, @GOSSIP_MENU, 0, 0, 0, ""),
(@GOSSIP_MENU, 20, 4, "Next page", 1, 1, @GOSSIP_MENU+36, 0, 0, 0, ""),
(@GOSSIP_MENU+1, 1, 8, "Zone-UlduarStoneBattleWalk", 1, 1, @GOSSIP_MENU+1, 0, 0, 0, "Sure about the song?"),
(@GOSSIP_MENU+1, 2, 8, "Zone-UldarLightningGeneralWalk", 1, 1, @GOSSIP_MENU+1, 0, 0, 0, "Sure about the song?"),
(@GOSSIP_MENU+1, 3, 8, "Zone-UldarLightningBattleWalk", 1, 1, @GOSSIP_MENU+1, 0, 0, 0, "Sure about the song?"),
(@GOSSIP_MENU+1, 4, 8, "Intro-UldarLightning", 1, 1, @GOSSIP_MENU+1, 0, 0, 0, "Sure about the song?"),
(@GOSSIP_MENU+1, 5, 8, "Intro-UldarLightningWatchers", 1, 1, @GOSSIP_MENU+1, 0, 0, 0, "Sure about the song?"),
(@GOSSIP_MENU+1, 6, 8, "Zone-UlduarStoneGeneralWalk", 1, 1, @GOSSIP_MENU+1, 0, 0, 0, "Sure about the song?"),
(@GOSSIP_MENU+1, 7, 8, "Intro-HallsofStone", 1, 1, @GOSSIP_MENU+1, 0, 0, 0, "Sure about the song?"),
(@GOSSIP_MENU+1, 8, 8, "UR_FormationGroundsAction", 1, 1, @GOSSIP_MENU+1, 0, 0, 0, "Sure about the song?"),
(@GOSSIP_MENU+1, 9, 8, "UR_IronConcourseAction", 1, 1, @GOSSIP_MENU+1, 0, 0, 0, "Sure about the song?"),
(@GOSSIP_MENU+1, 10, 8, "UR_RazorScalesAerieAction", 1, 1, @GOSSIP_MENU+1, 0, 0, 0, "Sure about the song?"),
(@GOSSIP_MENU+1, 11, 8, "UR_TheColossalForgeAction", 1, 1, @GOSSIP_MENU+1, 0, 0, 0, "Sure about the song?"),
(@GOSSIP_MENU+1, 12, 8, "UR_TheScrapyardAction", 1, 1, @GOSSIP_MENU+1, 0, 0, 0, "Sure about the song?"),
(@GOSSIP_MENU+1, 13, 4, "Back..", 1, 1, @GOSSIP_MENU, 0, 0, 0, ""),
(@GOSSIP_MENU+2, 1, 8, "Intro-IcecrownGeneral", 1, 1, @GOSSIP_MENU+2, 0, 0, 0, "Sure about the song?"),
(@GOSSIP_MENU+2, 2, 8, "Zone-IcecrownGeneralWalkDay", 1, 1, @GOSSIP_MENU+2, 0, 0, 0, "Sure about the song?"),
(@GOSSIP_MENU+2, 3, 8, "Zone-IcecrownGeneralWalkNight", 1, 1, @GOSSIP_MENU+2, 0, 0, 0, "Sure about the song?"),
(@GOSSIP_MENU+2, 4, 8, "Event-Bronjahm", 1, 1, @GOSSIP_MENU+2, 0, 0, 0, "Sure about the song?"),
(@GOSSIP_MENU+2, 5, 8, "Zone-CrimsonHallWalk", 1, 1, @GOSSIP_MENU+2, 0, 0, 0, "Sure about the song?"),
(@GOSSIP_MENU+2, 6, 8, "Zone-ForgeOfSoulsWalk", 1, 1, @GOSSIP_MENU+2, 0, 0, 0, "Sure about the song?"),
(@GOSSIP_MENU+2, 7, 8, "Zone-FrostmourneWalk", 1, 1, @GOSSIP_MENU+2, 0, 0, 0, "Sure about the song?"),
(@GOSSIP_MENU+2, 8, 8, "Outro-FrozenThrone01", 1, 1, @GOSSIP_MENU+2, 0, 0, 0, "Sure about the song?"),
(@GOSSIP_MENU+2, 9, 8, "Zone-FrozenThroneBattleMusic", 1, 1, @GOSSIP_MENU+2, 0, 0, 0, "Sure about the song?"),
(@GOSSIP_MENU+2, 10, 8, "Intro-FrozenThrone", 1, 1, @GOSSIP_MENU+2, 0, 0, 0, "Sure about the song?"),
(@GOSSIP_MENU+2, 11, 8, "Outro-FrozenThrone02", 1, 1, @GOSSIP_MENU+2, 0, 0, 0, "Sure about the song?"),
(@GOSSIP_MENU+2, 12, 8, "Event-Gunships (Looping),,", 1, 1, @GOSSIP_MENU+2, 0, 0, 0, "Sure about the song?"),
(@GOSSIP_MENU+2, 13, 8, "Event-Gunships (One-Shot),,", 1, 1, @GOSSIP_MENU+2, 0, 0, 0, "Sure about the song?"),
(@GOSSIP_MENU+2, 14, 8, "Event-HallsofReflection2", 1, 1, @GOSSIP_MENU+2, 0, 0, 0, "Sure about the song?"),
(@GOSSIP_MENU+2, 15, 8, "Intro-IcecrownSummit", 1, 1, @GOSSIP_MENU+2, 0, 0, 0, "Sure about the song?"),
(@GOSSIP_MENU+2, 16, 8, "Intro-IcecrownDungeon", 1, 1, @GOSSIP_MENU+2, 0, 0, 0, "Sure about the song?"),
(@GOSSIP_MENU+2, 17, 8, "Event-HallsofReflection1", 1, 1, @GOSSIP_MENU+2, 0, 0, 0, "Sure about the song?"),
(@GOSSIP_MENU+2, 18, 8, "Event-Saurfang", 1, 1, @GOSSIP_MENU+2, 0, 0, 0, "Sure about the song?"),
(@GOSSIP_MENU+2, 19, 8, "Zone-IcecrownRaidLightsHammer", 1, 1, @GOSSIP_MENU+2, 0, 0, 0, "Sure about the song?"),
(@GOSSIP_MENU+2, 20, 8, "Zone-IcecrownDungeonWalk", 1, 1, @GOSSIP_MENU+2, 0, 0, 0, "Sure about the song?"),
(@GOSSIP_MENU+2, 21, 8, "Intro-PitofSaronCave", 1, 1, @GOSSIP_MENU+2, 0, 0, 0, "Sure about the song?"),
(@GOSSIP_MENU+2, 22, 8, "Zone-PitofSaronCave", 1, 1, @GOSSIP_MENU+2, 0, 0, 0, "Sure about the song?"),
(@GOSSIP_MENU+2, 23, 8, "Zone-SindragosaWalk", 1, 1, @GOSSIP_MENU+2, 0, 0, 0, "Sure about the song?"),
(@GOSSIP_MENU+2, 24, 4, "Next page", 1, 1, @GOSSIP_MENU+37, 0, 0, 0, ""),
(@GOSSIP_MENU+2, 25, 4, "Back..", 1, 1, @GOSSIP_MENU, 0, 0, 0, ""),
(@GOSSIP_MENU+3, 1, 8, "AT_TournamentHerald", 1, 1, @GOSSIP_MENU+3, 0, 0, 0, "Sure about the song?"),
(@GOSSIP_MENU+3, 2, 8, "AT_TournamentJoust", 1, 1, @GOSSIP_MENU+3, 0, 0, 0, "Sure about the song?"),
(@GOSSIP_MENU+3, 3, 8, "AT_TournamentNightWalk", 1, 1, @GOSSIP_MENU+3, 0, 0, 0, "Sure about the song?"),
(@GOSSIP_MENU+3, 4, 8, "AT_TournamentDayWalk", 1, 1, @GOSSIP_MENU+3, 0, 0, 0, "Sure about the song?"),
(@GOSSIP_MENU+3, 5, 8, "Zone-ArgentColiseumUniWalk", 1, 1, @GOSSIP_MENU+3, 0, 0, 0, "Sure about the song?"),
(@GOSSIP_MENU+3, 6, 4, "Back..", 1, 1, @GOSSIP_MENU, 0, 0, 0, ""),
(@GOSSIP_MENU+4, 1, 8, "Event_DMF_Level70ETC", 1, 1, @GOSSIP_MENU+4, 0, 0, 0, "Sure about the song?"),
(@GOSSIP_MENU+4, 2, 8, "Event_BrewFestDwarf01", 1, 1, @GOSSIP_MENU+4, 0, 0, 0, "Sure about the song?"),
(@GOSSIP_MENU+4, 3, 8, "Event_BrewfestDwarf02", 1, 1, @GOSSIP_MENU+4, 0, 0, 0, "Sure about the song?"),
(@GOSSIP_MENU+4, 4, 8, "Event_BrewfestDwarf03", 1, 1, @GOSSIP_MENU+4, 0, 0, 0, "Sure about the song?"),
(@GOSSIP_MENU+4, 5, 8, "Event_BrewFestGoblin01", 1, 1, @GOSSIP_MENU+4, 0, 0, 0, "Sure about the song?"),
(@GOSSIP_MENU+4, 6, 8, "Event_BrewfestGoblin02", 1, 1, @GOSSIP_MENU+4, 0, 0, 0, "Sure about the song?"),
(@GOSSIP_MENU+4, 7, 8, "Event_BrewfestGoblin03", 1, 1, @GOSSIP_MENU+4, 0, 0, 0, "Sure about the song?"),
(@GOSSIP_MENU+4, 8, 8, "Event-MidsummerFireFestival_A", 1, 1, @GOSSIP_MENU+4, 0, 0, 0, "Sure about the song?"),
(@GOSSIP_MENU+4, 9, 8, "Darkmoon_Faire_Music", 1, 1, @GOSSIP_MENU+4, 0, 0, 0, "Sure about the song?"),
(@GOSSIP_MENU+4, 10, 8, "test - Darkmoon_Faire_Music", 1, 1, @GOSSIP_MENU+4, 0, 0, 0, "Sure about the song?"),
(@GOSSIP_MENU+4, 11, 8, "Event-MidsummerFireFestival_H", 1, 1, @GOSSIP_MENU+4, 0, 0, 0, "Sure about the song?"),
(@GOSSIP_MENU+4, 12, 8, "Event-GnomereganEvent", 1, 1, @GOSSIP_MENU+4, 0, 0, 0, "Sure about the song?"),
(@GOSSIP_MENU+4, 13, 8, "Event-GnomereganEventComplete", 1, 1, @GOSSIP_MENU+4, 0, 0, 0, "Sure about the song?"),
(@GOSSIP_MENU+4, 14, 8, "Event-GnomereganEventStart", 1, 1, @GOSSIP_MENU+4, 0, 0, 0, "Sure about the song?"),
(@GOSSIP_MENU+4, 15, 8, "Event - ZFBigBattle", 1, 1, @GOSSIP_MENU+4, 0, 0, 0, "Sure about the song?"),
(@GOSSIP_MENU+4, 16, 8, "Event - ZFMedBattle", 1, 1, @GOSSIP_MENU+4, 0, 0, 0, "Sure about the song?"),
(@GOSSIP_MENU+4, 17, 8, "Event - ZFQuiet", 1, 1, @GOSSIP_MENU+4, 0, 0, 0, "Sure about the song?"),
(@GOSSIP_MENU+4, 18, 8, "Event - ZFRally", 1, 1, @GOSSIP_MENU+4, 0, 0, 0, "Sure about the song?"),
(@GOSSIP_MENU+4, 19, 4, "Back..", 1, 1, @GOSSIP_MENU, 0, 0, 0, ""),
(@GOSSIP_MENU+5, 1, 8, "Moment - AhnQirajIntro1", 1, 1, @GOSSIP_MENU+5, 0, 0, 0, "Sure about the song?"),
(@GOSSIP_MENU+5, 2, 8, "Moment-Magic", 1, 1, @GOSSIP_MENU+5, 0, 0, 0, "Sure about the song?"),
(@GOSSIP_MENU+5, 3, 8, "GuldansEntranceTheme", 1, 1, @GOSSIP_MENU+5, 0, 0, 0, "Sure about the song?"),
(@GOSSIP_MENU+5, 4, 8, "Trigger-EbonHFinalBattleStart", 1, 1, @GOSSIP_MENU+5, 0, 0, 0, "Sure about the song?"),
(@GOSSIP_MENU+5, 5, 8, "Moment - Zul Gurub", 1, 1, @GOSSIP_MENU+5, 0, 0, 0, "Sure about the song?"),
(@GOSSIP_MENU+5, 6, 8, "Moment - Battle01", 1, 1, @GOSSIP_MENU+5, 0, 0, 0, "Sure about the song?"),
(@GOSSIP_MENU+5, 7, 8, "Moment-Battle02", 1, 1, @GOSSIP_MENU+5, 0, 0, 0, "Sure about the song?"),
(@GOSSIP_MENU+5, 8, 8, "Moment - Battle03", 1, 1, @GOSSIP_MENU+5, 0, 0, 0, "Sure about the song?"),
(@GOSSIP_MENU+5, 9, 8, "Moment - Battle04", 1, 1, @GOSSIP_MENU+5, 0, 0, 0, "Sure about the song?"),
(@GOSSIP_MENU+5, 10, 8, "Moment - Battle05", 1, 1, @GOSSIP_MENU+5, 0, 0, 0, "Sure about the song?"),
(@GOSSIP_MENU+5, 11, 8, "Moment - Battle06", 1, 1, @GOSSIP_MENU+5, 0, 0, 0, "Sure about the song?"),
(@GOSSIP_MENU+5, 12, 8, "Lament_of_the_Highborne", 1, 1, @GOSSIP_MENU+5, 0, 0, 0, "Sure about the song?"),
(@GOSSIP_MENU+5, 13, 8, "GS_BurningCrusade", 1, 1, @GOSSIP_MENU+5, 0, 0, 0, "Sure about the song?"),
(@GOSSIP_MENU+5, 14, 8, "GS_LichKing", 1, 1, @GOSSIP_MENU+5, 0, 0, 0, "Sure about the song?"),
(@GOSSIP_MENU+5, 15, 8, "GS_Retail", 1, 1, @GOSSIP_MENU+5, 0, 0, 0, "Sure about the song?"),
(@GOSSIP_MENU+5, 16, 4, "Back..", 1, 1, @GOSSIP_MENU, 0, 0, 0, ""),
(@GOSSIP_MENU+6, 1, 8, "Zone-Undercity", 1, 1, @GOSSIP_MENU+6, 0, 0, 0, "Sure about the song?"),
(@GOSSIP_MENU+6, 2, 8, "Zone - Undercity Intro", 1, 1, @GOSSIP_MENU+6, 0, 0, 0, "Sure about the song?"),
(@GOSSIP_MENU+6, 3, 8, "Zone-Thunderbluff Intro", 1, 1, @GOSSIP_MENU+6, 0, 0, 0, "Sure about the song?"),
(@GOSSIP_MENU+6, 4, 8, "Zone-Thunderbluff", 1, 1, @GOSSIP_MENU+6, 0, 0, 0, "Sure about the song?"),
(@GOSSIP_MENU+6, 5, 8, "Moment-Stormwind01", 1, 1, @GOSSIP_MENU+6, 0, 0, 0, "Sure about the song?"),
(@GOSSIP_MENU+6, 6, 8, "Moment-Stormwind02", 1, 1, @GOSSIP_MENU+6, 0, 0, 0, "Sure about the song?"),
(@GOSSIP_MENU+6, 7, 8, "Moment-Stormwind03", 1, 1, @GOSSIP_MENU+6, 0, 0, 0, "Sure about the song?"),
(@GOSSIP_MENU+6, 8, 8, "Zone-StormwindCave", 1, 1, @GOSSIP_MENU+6, 0, 0, 0, "Sure about the song?"),
(@GOSSIP_MENU+6, 9, 8, "Zone-EbonHNewAvalonWalk", 1, 1, @GOSSIP_MENU+6, 0, 0, 0, "Sure about the song?"),
(@GOSSIP_MENU+6, 10, 8, "Zone-Stormwind", 1, 1, @GOSSIP_MENU+6, 0, 0, 0, "Sure about the song?"),
(@GOSSIP_MENU+6, 11, 8, "Moment-Stormwind07", 1, 1, @GOSSIP_MENU+6, 0, 0, 0, "Sure about the song?"),
(@GOSSIP_MENU+6, 12, 8, "Moment-Stormwind08", 1, 1, @GOSSIP_MENU+6, 0, 0, 0, "Sure about the song?"),
(@GOSSIP_MENU+6, 13, 8, "Moment-StormwindSouthSeas", 1, 1, @GOSSIP_MENU+6, 0, 0, 0, "Sure about the song?"),
(@GOSSIP_MENU+6, 14, 8, "Moment-ValleyofHeros Intro", 1, 1, @GOSSIP_MENU+6, 0, 0, 0, "Sure about the song?"),
(@GOSSIP_MENU+6, 15, 8, "Moment-Orgrimmar", 1, 1, @GOSSIP_MENU+6, 0, 0, 0, "Sure about the song?"),
(@GOSSIP_MENU+6, 16, 8, "Moment-Orgrimmar01", 1, 1, @GOSSIP_MENU+6, 0, 0, 0, "Sure about the song?"),
(@GOSSIP_MENU+6, 17, 8, "Zone Music Day Orgrimmar City", 1, 1, @GOSSIP_MENU+6, 0, 0, 0, "Sure about the song?"),
(@GOSSIP_MENU+6, 18, 8, "Moment - Orgrimmar02", 1, 1, @GOSSIP_MENU+6, 0, 0, 0, "Sure about the song?"),
(@GOSSIP_MENU+6, 19, 8, "Zone - Orgrimmar02", 1, 1, @GOSSIP_MENU+6, 0, 0, 0, "Sure about the song?"),
(@GOSSIP_MENU+6, 20, 8, "Zone-Orgrimmar", 1, 1, @GOSSIP_MENU+6, 0, 0, 0, "Sure about the song?"),
(@GOSSIP_MENU+6, 21, 8, "Moment-Orgrimmar Intro", 1, 1, @GOSSIP_MENU+6, 0, 0, 0, "Sure about the song?"),
(@GOSSIP_MENU+6, 22, 4, "Next page", 1, 1, @GOSSIP_MENU+38, 0, 0, 0, ""),
(@GOSSIP_MENU+6, 23, 4, "Back..", 1, 1, @GOSSIP_MENU, 0, 0, 0, ""),
(@GOSSIP_MENU+7, 1, 8, "Zone-Jungle Day", 1, 1, @GOSSIP_MENU+7, 0, 0, 0, "Sure about the song?"),
(@GOSSIP_MENU+7, 2, 8, "Zone-Jungle Night", 1, 1, @GOSSIP_MENU+7, 0, 0, 0, "Sure about the song?"),
(@GOSSIP_MENU+7, 3, 8, "Zone-Mountain Day", 1, 1, @GOSSIP_MENU+7, 0, 0, 0, "Sure about the song?"),
(@GOSSIP_MENU+7, 4, 8, "Zone-Mountain Night", 1, 1, @GOSSIP_MENU+7, 0, 0, 0, "Sure about the song?"),
(@GOSSIP_MENU+7, 5, 8, "Zone-Plains Day", 1, 1, @GOSSIP_MENU+7, 0, 0, 0, "Sure about the song?"),
(@GOSSIP_MENU+7, 6, 8, "ZonePlains Night", 1, 1, @GOSSIP_MENU+7, 0, 0, 0, "Sure about the song?"),
(@GOSSIP_MENU+7, 7, 8, "Zone-Forest Day", 1, 1, @GOSSIP_MENU+7, 0, 0, 0, "Sure about the song?"),
(@GOSSIP_MENU+7, 8, 8, "Zone-DarkForest", 1, 1, @GOSSIP_MENU+7, 0, 0, 0, "Sure about the song?"),
(@GOSSIP_MENU+7, 9, 8, "Zone-Night Forest", 1, 1, @GOSSIP_MENU+7, 0, 0, 0, "Sure about the song?"),
(@GOSSIP_MENU+7, 10, 8, "Zone-EvilForest Day", 1, 1, @GOSSIP_MENU+7, 0, 0, 0, "Sure about the song?"),
(@GOSSIP_MENU+7, 11, 8, "Zone-Evil Forest Night", 1, 1, @GOSSIP_MENU+7, 0, 0, 0, "Sure about the song?"),
(@GOSSIP_MENU+7, 12, 8, "Zone-EnchantedForest Day", 1, 1, @GOSSIP_MENU+7, 0, 0, 0, "Sure about the song?"),
(@GOSSIP_MENU+7, 13, 8, "Zone-EnchantedForest Night", 1, 1, @GOSSIP_MENU+7, 0, 0, 0, "Sure about the song?"),
(@GOSSIP_MENU+7, 14, 8, "Zone-Desert Day", 1, 1, @GOSSIP_MENU+7, 0, 0, 0, "Sure about the song?"),
(@GOSSIP_MENU+7, 15, 8, "Zone-Desert Cave", 1, 1, @GOSSIP_MENU+7, 0, 0, 0, "Sure about the song?"),
(@GOSSIP_MENU+7, 16, 8, "Zone-Desert Night", 1, 1, @GOSSIP_MENU+7, 0, 0, 0, "Sure about the song?"),
(@GOSSIP_MENU+7, 17, 8, "Zone-Soggy Night", 1, 1, @GOSSIP_MENU+7, 0, 0, 0, "Sure about the song?"),
(@GOSSIP_MENU+7, 18, 8, "Zone-Soggy Day", 1, 1, @GOSSIP_MENU+7, 0, 0, 0, "Sure about the song?"),
(@GOSSIP_MENU+7, 19, 4, "Back..", 1, 1, @GOSSIP_MENU, 0, 0, 0, ""),
(@GOSSIP_MENU+8, 1, 8, "Intro-MagistersTerrace", 1, 1, @GOSSIP_MENU+8, 0, 0, 0, "Sure about the song?"),
(@GOSSIP_MENU+8, 2, 8, "Zone-MagistersTerraceKaelThas", 1, 1, @GOSSIP_MENU+8, 0, 0, 0, "Sure about the song?"),
(@GOSSIP_MENU+8, 3, 8, "Event-SW-KilJaedenDefeat02", 1, 1, @GOSSIP_MENU+8, 0, 0, 0, "Sure about the song?"),
(@GOSSIP_MENU+8, 4, 8, "Intro-SunwellPlateau", 1, 1, @GOSSIP_MENU+8, 0, 0, 0, "Sure about the song?"),
(@GOSSIP_MENU+8, 5, 8, "Event-SW-KilJaedenDefeat01", 1, 1, @GOSSIP_MENU+8, 0, 0, 0, "Sure about the song?"),
(@GOSSIP_MENU+8, 6, 8, "Event-SunwellBombRun", 1, 1, @GOSSIP_MENU+8, 0, 0, 0, "Sure about the song?"),
(@GOSSIP_MENU+8, 7, 4, "Back..", 1, 1, @GOSSIP_MENU, 0, 0, 0, ""),
(@GOSSIP_MENU+9, 1, 8, "Intro-StratholmePastAlleyEnd", 1, 1, @GOSSIP_MENU+9, 0, 0, 0, "Sure about the song?"),
(@GOSSIP_MENU+9, 2, 8, "Intro-StratholmePastAlleyIntro", 1, 1, @GOSSIP_MENU+9, 0, 0, 0, "Sure about the song?"),
(@GOSSIP_MENU+9, 3, 8, "Intro-StratholmePastTownHall", 1, 1, @GOSSIP_MENU+9, 0, 0, 0, "Sure about the song?"),
(@GOSSIP_MENU+9, 4, 8, "Zone-StratholmePastIndoorsWalk", 1, 1, @GOSSIP_MENU+9, 0, 0, 0, "Sure about the song?"),
(@GOSSIP_MENU+9, 5, 8, "Zone-StratholmePastOutdoorsDay", 1, 1, @GOSSIP_MENU+9, 0, 0, 0, "Sure about the song?"),
(@GOSSIP_MENU+9, 6, 8, "Intro-StratholmePastMal'Ganis", 1, 1, @GOSSIP_MENU+9, 0, 0, 0, "Sure about the song?"),
(@GOSSIP_MENU+9, 7, 8, "Intro-StratholmePastOutdoors", 1, 1, @GOSSIP_MENU+9, 0, 0, 0, "Sure about the song?"),
(@GOSSIP_MENU+9, 8, 8, "Music_Temp_88", 1, 1, @GOSSIP_MENU+9, 0, 0, 0, "Sure about the song?"),
(@GOSSIP_MENU+9, 9, 8, "Zone-StratholmePastOutdoorsNigh", 1, 1, @GOSSIP_MENU+9, 0, 0, 0, "Sure about the song?"),
(@GOSSIP_MENU+9, 10, 4, "Back..", 1, 1, @GOSSIP_MENU, 0, 0, 0, ""),
(@GOSSIP_MENU+10, 1, 8, "Zone-Pillartops", 1, 1, @GOSSIP_MENU+10, 0, 0, 0, "Sure about the song?"),
(@GOSSIP_MENU+10, 2, 8, "Zone-FireWalk", 1, 1, @GOSSIP_MENU+10, 0, 0, 0, "Sure about the song?"),
(@GOSSIP_MENU+10, 3, 8, "Zone-LifeBloodCave", 1, 1, @GOSSIP_MENU+10, 0, 0, 0, "Sure about the song?"),
(@GOSSIP_MENU+10, 4, 8, "Zone-MakersTerrace", 1, 1, @GOSSIP_MENU+10, 0, 0, 0, "Sure about the song?"),
(@GOSSIP_MENU+10, 5, 8, "Music_Temp_83", 1, 1, @GOSSIP_MENU+10, 0, 0, 0, "Sure about the song?"),
(@GOSSIP_MENU+10, 6, 8, "Zone-PathofLife", 1, 1, @GOSSIP_MENU+10, 0, 0, 0, "Sure about the song?"),
(@GOSSIP_MENU+10, 7, 8, "Zone-SholazarWalkDay", 1, 1, @GOSSIP_MENU+10, 0, 0, 0, "Sure about the song?"),
(@GOSSIP_MENU+10, 8, 8, "Zone-SholazarWalkNight", 1, 1, @GOSSIP_MENU+10, 0, 0, 0, "Sure about the song?"),
(@GOSSIP_MENU+10, 9, 4, "Back..", 1, 1, @GOSSIP_MENU, 0, 0, 0, ""),
(@GOSSIP_MENU+11, 1, 8, "Zone-TerokkarAchinounWalk", 1, 1, @GOSSIP_MENU+11, 0, 0, 0, "Sure about the song?"),
(@GOSSIP_MENU+11, 2, 8, "Zone-BoneWastesUni", 1, 1, @GOSSIP_MENU+11, 0, 0, 0, "Sure about the song?"),
(@GOSSIP_MENU+11, 3, 8, "Zone-Terokkar", 1, 1, @GOSSIP_MENU+11, 0, 0, 0, "Sure about the song?"),
(@GOSSIP_MENU+11, 4, 8, "Zone-TerokkarShattrath", 1, 1, @GOSSIP_MENU+11, 0, 0, 0, "Sure about the song?"),
(@GOSSIP_MENU+11, 5, 8, "Intro-OL_Broken", 1, 1, @GOSSIP_MENU+11, 0, 0, 0, "Sure about the song?"),
(@GOSSIP_MENU+11, 6, 8, "Intro-OutlandMilitaryBattle", 1, 1, @GOSSIP_MENU+11, 0, 0, 0, "Sure about the song?"),
(@GOSSIP_MENU+11, 7, 8, "Zone-OutlandActionWalk", 1, 1, @GOSSIP_MENU+11, 0, 0, 0, "Sure about the song?"),
(@GOSSIP_MENU+11, 8, 8, "Zone-OutlandsAllianceBase", 1, 1, @GOSSIP_MENU+11, 0, 0, 0, "Sure about the song?"),
(@GOSSIP_MENU+11, 9, 8, "Zone-OutlandBloodElfBase", 1, 1, @GOSSIP_MENU+11, 0, 0, 0, "Sure about the song?"),
(@GOSSIP_MENU+11, 10, 8, "Intro-OutlandCenarion01", 1, 1, @GOSSIP_MENU+11, 0, 0, 0, "Sure about the song?"),
(@GOSSIP_MENU+11, 11, 8, "Intro-OutlandCenarion02", 1, 1, @GOSSIP_MENU+11, 0, 0, 0, "Sure about the song?"),
(@GOSSIP_MENU+11, 12, 8, "Zone-OutlandCorruptRetail", 1, 1, @GOSSIP_MENU+11, 0, 0, 0, "Sure about the song?"),
(@GOSSIP_MENU+11, 13, 8, "Intro-OutlandCorrupt", 1, 1, @GOSSIP_MENU+11, 0, 0, 0, "Sure about the song?"),
(@GOSSIP_MENU+11, 14, 8, "Intro-OutlandCrystal01", 1, 1, @GOSSIP_MENU+11, 0, 0, 0, "Sure about the song?"),
(@GOSSIP_MENU+11, 15, 8, "Zone-OutlandDraeneiBase", 1, 1, @GOSSIP_MENU+11, 0, 0, 0, "Sure about the song?"),
(@GOSSIP_MENU+11, 16, 8, "Intro-OutlandFelOrc02", 1, 1, @GOSSIP_MENU+11, 0, 0, 0, "Sure about the song?"),
(@GOSSIP_MENU+11, 17, 8, "Zone-OutlandsHordeBase", 1, 1, @GOSSIP_MENU+11, 0, 0, 0, "Sure about the song?"),
(@GOSSIP_MENU+11, 18, 8, "Zone-ThrallmarWalk", 1, 1, @GOSSIP_MENU+11, 0, 0, 0, "Sure about the song?"),
(@GOSSIP_MENU+11, 19, 8, "Intro-OutlandIllidansArmy01", 1, 1, @GOSSIP_MENU+11, 0, 0, 0, "Sure about the song?"),
(@GOSSIP_MENU+11, 20, 4, "Back..", 1, 1, @GOSSIP_MENU, 0, 0, 0, ""),
(@GOSSIP_MENU+12, 1, 8, "Zone-NorthrenTroll", 1, 1, @GOSSIP_MENU+12, 0, 0, 0, "Sure about the song?"),
(@GOSSIP_MENU+12, 2, 8, "Zone-GundrakTombofAncients", 1, 1, @GOSSIP_MENU+12, 0, 0, 0, "Sure about the song?"),
(@GOSSIP_MENU+12, 3, 8, "Zone-TaunkaDay", 1, 1, @GOSSIP_MENU+12, 0, 0, 0, "Sure about the song?"),
(@GOSSIP_MENU+12, 4, 8, "Zone-TaunkaNight", 1, 1, @GOSSIP_MENU+12, 0, 0, 0, "Sure about the song?"),
(@GOSSIP_MENU+12, 5, 8, "Zone-NorthrenOrcGeneralDay", 1, 1, @GOSSIP_MENU+12, 0, 0, 0, "Sure about the song?"),
(@GOSSIP_MENU+12, 6, 8, "Zone-NorthrenOrcGeneralNight", 1, 1, @GOSSIP_MENU+12, 0, 0, 0, "Sure about the song?"),
(@GOSSIP_MENU+12, 7, 8, "Zone-NorthrenTransportDay", 1, 1, @GOSSIP_MENU+12, 0, 0, 0, "Sure about the song?"),
(@GOSSIP_MENU+12, 8, 8, "Zone-NorthrenTransportNight", 1, 1, @GOSSIP_MENU+12, 0, 0, 0, "Sure about the song?"),
(@GOSSIP_MENU+12, 9, 8, " Zone-IronDwarfDay", 1, 1, @GOSSIP_MENU+12, 0, 0, 0, "Sure about the song?"),
(@GOSSIP_MENU+12, 10, 8, " Zone-IronDwarfNight", 1, 1, @GOSSIP_MENU+12, 0, 0, 0, "Sure about the song?"),
(@GOSSIP_MENU+12, 11, 4, "Back..", 1, 1, @GOSSIP_MENU, 0, 0, 0, ""),
(@GOSSIP_MENU+13, 1, 8, "Zone-NaxxramasAbominationBoss", 1, 1, @GOSSIP_MENU+13, 0, 0, 0, "Sure about the song?"),
(@GOSSIP_MENU+13, 2, 8, "Zone-NaxxramasAbomination", 1, 1, @GOSSIP_MENU+13, 0, 0, 0, "Sure about the song?"),
(@GOSSIP_MENU+13, 3, 8, "Zone-NaxxramasFrostWyrm", 1, 1, @GOSSIP_MENU+13, 0, 0, 0, "Sure about the song?"),
(@GOSSIP_MENU+13, 4, 8, "Zone-NaxxramasKelthuzad", 1, 1, @GOSSIP_MENU+13, 0, 0, 0, "Sure about the song?"),
(@GOSSIP_MENU+13, 5, 8, "Zone-NaxxramasPlagueBoss", 1, 1, @GOSSIP_MENU+13, 0, 0, 0, "Sure about the song?"),
(@GOSSIP_MENU+13, 6, 8, "Zone-NaxxramasPlague", 1, 1, @GOSSIP_MENU+13, 0, 0, 0, "Sure about the song?"),
(@GOSSIP_MENU+13, 7, 8, "Zone-NaxxramasSpiderBoss", 1, 1, @GOSSIP_MENU+13, 0, 0, 0, "Sure about the song?"),
(@GOSSIP_MENU+13, 8, 8, "Zone-NaxxramasSpider", 1, 1, @GOSSIP_MENU+13, 0, 0, 0, "Sure about the song?"),
(@GOSSIP_MENU+13, 9, 8, "Zone - NaxxramsDeathKnight", 1, 1, @GOSSIP_MENU+13, 0, 0, 0, "Sure about the song?"),
(@GOSSIP_MENU+13, 10, 8, "Zone-EbonHDeathsBreachWalk", 1, 1, @GOSSIP_MENU+13, 0, 0, 0, "Sure about the song?"),
(@GOSSIP_MENU+13, 11, 4, "Back..", 1, 1, @GOSSIP_MENU, 0, 0, 0, ""),
(@GOSSIP_MENU+14, 1, 8, "Zone-KarazhanBackstageWalk", 1, 1, @GOSSIP_MENU+14, 0, 0, 0, "Sure about the song?"),
(@GOSSIP_MENU+14, 2, 8, "Intro-KarazhanFoyerWalk", 1, 1, @GOSSIP_MENU+14, 0, 0, 0, "Sure about the song?"),
(@GOSSIP_MENU+14, 3, 8, "Zone-KarazhanFoyerWalk", 1, 1, @GOSSIP_MENU+14, 0, 0, 0, "Sure about the song?"),
(@GOSSIP_MENU+14, 4, 8, "Zone-KarazhanGeneralDefault", 1, 1, @GOSSIP_MENU+14, 0, 0, 0, "Sure about the song?"),
(@GOSSIP_MENU+14, 5, 8, "Zone-KarazhanSculleryWalk", 1, 1, @GOSSIP_MENU+14, 0, 0, 0, "Sure about the song?"),
(@GOSSIP_MENU+14, 6, 8, "Zone-KarazhanLibraryWalk", 1, 1, @GOSSIP_MENU+14, 0, 0, 0, "Sure about the song?"),
(@GOSSIP_MENU+14, 7, 8, "Zone-KarazhanMalchezaarWalk", 1, 1, @GOSSIP_MENU+14, 0, 0, 0, "Sure about the song?"),
(@GOSSIP_MENU+14, 8, 8, "Zone-KarazhanBallroomBanquetWal", 1, 1, @GOSSIP_MENU+14, 0, 0, 0, "Sure about the song?"),
(@GOSSIP_MENU+14, 9, 8, "Zone-KarazhanOperaWalk", 1, 1, @GOSSIP_MENU+14, 0, 0, 0, "Sure about the song?"),
(@GOSSIP_MENU+14, 10, 8, "Intro-KarazhanStableWalk", 1, 1, @GOSSIP_MENU+14, 0, 0, 0, "Sure about the song?"),
(@GOSSIP_MENU+14, 11, 8, "Zone-KarazhanOutsideWalk", 1, 1, @GOSSIP_MENU+14, 0, 0, 0, "Sure about the song?"),
(@GOSSIP_MENU+14, 12, 8, "Zone-KarazhanTowerMastersTerrac", 1, 1, @GOSSIP_MENU+14, 0, 0, 0, "Sure about the song?"),
(@GOSSIP_MENU+14, 13, 4, "Back..", 1, 1, @GOSSIP_MENU, 0, 0, 0, ""),
(@GOSSIP_MENU+15, 1, 8, "Zone-GrizzlyHillsDay", 1, 1, @GOSSIP_MENU+15, 0, 0, 0, "Sure about the song?"),
(@GOSSIP_MENU+15, 2, 8, "Zone-GrizzlyHillsNight", 1, 1, @GOSSIP_MENU+15, 0, 0, 0, "Sure about the song?"),
(@GOSSIP_MENU+15, 3, 8, "Intro-GrizzlyHillsGeneral", 1, 1, @GOSSIP_MENU+15, 0, 0, 0, "Sure about the song?"),
(@GOSSIP_MENU+15, 4, 8, "Intro-GrizzlyHillsB", 1, 1, @GOSSIP_MENU+15, 0, 0, 0, "Sure about the song?"),
(@GOSSIP_MENU+15, 5, 8, "Zone-GrizzlyHillsDayB", 1, 1, @GOSSIP_MENU+15, 0, 0, 0, "Sure about the song?"),
(@GOSSIP_MENU+15, 6, 8, "Zone-GrizzlyHillsDayC", 1, 1, @GOSSIP_MENU+15, 0, 0, 0, "Sure about the song?"),
(@GOSSIP_MENU+15, 7, 8, "Zone-GrizzlyHillsNightB", 1, 1, @GOSSIP_MENU+15, 0, 0, 0, "Sure about the song?"),
(@GOSSIP_MENU+15, 8, 8, "Zone-GrizzlyHillsNightC", 1, 1, @GOSSIP_MENU+15, 0, 0, 0, "Sure about the song?"),
(@GOSSIP_MENU+15, 9, 4, "Back..", 1, 1, @GOSSIP_MENU+36, 0, 0, 0, ""),
(@GOSSIP_MENU+16, 1, 8, "Zone-EversongDarkWalk", 1, 1, @GOSSIP_MENU+16, 0, 0, 0, "Sure about the song?"),
(@GOSSIP_MENU+16, 2, 8, "Zone-GhostlandsEversongDarkWalk", 1, 1, @GOSSIP_MENU+16, 0, 0, 0, "Sure about the song?"),
(@GOSSIP_MENU+16, 3, 8, "Zone-GhostlandsDay", 1, 1, @GOSSIP_MENU+16, 0, 0, 0, "Sure about the song?"),
(@GOSSIP_MENU+16, 4, 8, "Zone-GhostlandsNight", 1, 1, @GOSSIP_MENU+16, 0, 0, 0, "Sure about the song?"),
(@GOSSIP_MENU+16, 5, 8, "Zone-DeatholmeDay", 1, 1, @GOSSIP_MENU+16, 0, 0, 0, "Sure about the song?"),
(@GOSSIP_MENU+16, 6, 8, "Zone-DeatholmeNight", 1, 1, @GOSSIP_MENU+16, 0, 0, 0, "Sure about the song?"),
(@GOSSIP_MENU+16, 7, 8, "Zone-OutlandBloodElfHostile", 1, 1, @GOSSIP_MENU+16, 0, 0, 0, "Sure about the song?"),
(@GOSSIP_MENU+16, 8, 8, "Zone-GhostlandsScenicWalk", 1, 1, @GOSSIP_MENU+16, 0, 0, 0, "Sure about the song?"),
(@GOSSIP_MENU+16, 9, 8, "Zone-GhostlandsShalandisWalk", 1, 1, @GOSSIP_MENU+16, 0, 0, 0, "Sure about the song?"),
(@GOSSIP_MENU+16, 10, 8, "Zone-Shalandis", 1, 1, @GOSSIP_MENU+16, 0, 0, 0, "Sure about the song?"),
(@GOSSIP_MENU+16, 11, 4, "Back..", 1, 1, @GOSSIP_MENU+36, 0, 0, 0, ""),
(@GOSSIP_MENU+17, 1, 8, "Zone-EversongBuildingsDay", 1, 1, @GOSSIP_MENU+17, 0, 0, 0, "Sure about the song?"),
(@GOSSIP_MENU+17, 2, 8, "Zone-EversongBuildingsNight", 1, 1, @GOSSIP_MENU+17, 0, 0, 0, "Sure about the song?"),
(@GOSSIP_MENU+17, 3, 8, "Zone-EversongRuinsDay", 1, 1, @GOSSIP_MENU+17, 0, 0, 0, "Sure about the song?"),
(@GOSSIP_MENU+17, 4, 8, "Zone-EversongRuinsNight", 1, 1, @GOSSIP_MENU+17, 0, 0, 0, "Sure about the song?"),
(@GOSSIP_MENU+17, 5, 8, "Zone-ScorchedGroveDay", 1, 1, @GOSSIP_MENU+17, 0, 0, 0, "Sure about the song?"),
(@GOSSIP_MENU+17, 6, 8, "Zone-ScorchedGroveNight", 1, 1, @GOSSIP_MENU+17, 0, 0, 0, "Sure about the song?"),
(@GOSSIP_MENU+17, 7, 8, "Zone-SilvermoonDay", 1, 1, @GOSSIP_MENU+17, 0, 0, 0, "Sure about the song?"),
(@GOSSIP_MENU+17, 8, 8, "Zone-SilvermoonNight", 1, 1, @GOSSIP_MENU+17, 0, 0, 0, "Sure about the song?"),
(@GOSSIP_MENU+17, 9, 8, "Zone-EversongDay", 1, 1, @GOSSIP_MENU+17, 0, 0, 0, "Sure about the song?"),
(@GOSSIP_MENU+17, 10, 8, "Zone-SunstriderIsleDay", 1, 1, @GOSSIP_MENU+17, 0, 0, 0, "Sure about the song?"),
(@GOSSIP_MENU+17, 11, 8, "Zone-EversongNight", 1, 1, @GOSSIP_MENU+17, 0, 0, 0, "Sure about the song?"),
(@GOSSIP_MENU+17, 12, 8, "Zone-SunstriderIsleNight", 1, 1, @GOSSIP_MENU+17, 0, 0, 0, "Sure about the song?"),
(@GOSSIP_MENU+17, 13, 4, "Back..", 1, 1, @GOSSIP_MENU+36, 0, 0, 0, ""),
(@GOSSIP_MENU+18, 1, 8, "Intro--DragonBlightWyrmrest", 1, 1, @GOSSIP_MENU+18, 0, 0, 0, "Sure about the song?"),
(@GOSSIP_MENU+18, 2, 8, "Zone-DragonblightDay", 1, 1, @GOSSIP_MENU+18, 0, 0, 0, "Sure about the song?"),
(@GOSSIP_MENU+18, 3, 8, "Zone-DragonblightNight", 1, 1, @GOSSIP_MENU+18, 0, 0, 0, "Sure about the song?"),
(@GOSSIP_MENU+18, 4, 8, "Zone-DragonBlightWyrmrestDay", 1, 1, @GOSSIP_MENU+18, 0, 0, 0, "Sure about the song?"),
(@GOSSIP_MENU+18, 5, 8, "Zone-DragonBlightWyrmrestNight", 1, 1, @GOSSIP_MENU+18, 0, 0, 0, "Sure about the song?"),
(@GOSSIP_MENU+18, 6, 8, "Zone-DragonblightTuskarrDay", 1, 1, @GOSSIP_MENU+18, 0, 0, 0, "Sure about the song?"),
(@GOSSIP_MENU+18, 7, 8, "Zone-DragonblightTuskarrNight", 1, 1, @GOSSIP_MENU+18, 0, 0, 0, "Sure about the song?"),
(@GOSSIP_MENU+18, 8, 4, "Back..", 1, 1, @GOSSIP_MENU+36, 0, 0, 0, ""),
(@GOSSIP_MENU+19, 1, 8, "Zone-DalaranCity", 1, 1, @GOSSIP_MENU+19, 0, 0, 0, "Sure about the song?"),
(@GOSSIP_MENU+19, 2, 8, "Intro-DalaranCity", 1, 1, @GOSSIP_MENU+19, 0, 0, 0, "Sure about the song?"),
(@GOSSIP_MENU+19, 3, 8, "Zone-DalaranSewersWalkUni", 1, 1, @GOSSIP_MENU+19, 0, 0, 0, "Sure about the song?"),
(@GOSSIP_MENU+19, 4, 8, "Zone-DalaranCitadelInteriorWalk", 1, 1, @GOSSIP_MENU+19, 0, 0, 0, "Sure about the song?"),
(@GOSSIP_MENU+19, 5, 8, "Zone-DalaranCityCitadelInterior", 1, 1, @GOSSIP_MENU+19, 0, 0, 0, "Sure about the song?"),
(@GOSSIP_MENU+19, 6, 8, "Zone-VioletHoldWalkUni", 1, 1, @GOSSIP_MENU+19, 0, 0, 0, "Sure about the song?"),
(@GOSSIP_MENU+19, 7, 8, "Zone-CrystalSongForest", 1, 1, @GOSSIP_MENU+19, 0, 0, 0, "Sure about the song?"),
(@GOSSIP_MENU+19, 8, 4, "Back..", 1, 1, @GOSSIP_MENU+36, 0, 0, 0, ""),
(@GOSSIP_MENU+20, 1, 8, "Altervac Valley_PVP", 1, 1, @GOSSIP_MENU+20, 0, 0, 0, "Sure about the song?"),
(@GOSSIP_MENU+20, 2, 8, "Zone-Cursed Land Felwood", 1, 1, @GOSSIP_MENU+20, 0, 0, 0, "Sure about the song?"),
(@GOSSIP_MENU+20, 3, 8, "Zone-CursedLandFelwoodFurbolg", 1, 1, @GOSSIP_MENU+20, 0, 0, 0, "Sure about the song?"),
(@GOSSIP_MENU+20, 4, 8, "Zone - Plaguelands", 1, 1, @GOSSIP_MENU+20, 0, 0, 0, "Sure about the song?"),
(@GOSSIP_MENU+20, 5, 4, "Back..", 1, 1, @GOSSIP_MENU+36, 0, 0, 0, ""),
(@GOSSIP_MENU+21, 1, 8, "Zone-ChamberAspects01Day", 1, 1, @GOSSIP_MENU+21, 0, 0, 0, "Sure about the song?"),
(@GOSSIP_MENU+21, 2, 8, "Zone-ChamberAspects01Night", 1, 1, @GOSSIP_MENU+21, 0, 0, 0, "Sure about the song?"),
(@GOSSIP_MENU+21, 3, 8, "Intro-ChamberAspects01Day", 1, 1, @GOSSIP_MENU+21, 0, 0, 0, "Sure about the song?"),
(@GOSSIP_MENU+21, 4, 8, "Intro-ChamberAspects01Night", 1, 1, @GOSSIP_MENU+21, 0, 0, 0, "Sure about the song?"),
(@GOSSIP_MENU+21, 5, 4, "Back..", 1, 1, @GOSSIP_MENU+36, 0, 0, 0, ""),
(@GOSSIP_MENU+22, 1, 8, "Intro-CavernsofTimeFlight", 1, 1, @GOSSIP_MENU+22, 0, 0, 0, "Sure about the song?"),
(@GOSSIP_MENU+22, 2, 8, "Zone-CavernsofTimeRetail", 1, 1, @GOSSIP_MENU+22, 0, 0, 0, "Sure about the song?"),
(@GOSSIP_MENU+22, 3, 8, "Zone-CavernsofTimeWalk", 1, 1, @GOSSIP_MENU+22, 0, 0, 0, "Sure about the song?"),
(@GOSSIP_MENU+22, 4, 8, "Zone-CavernsofTimeDurnholdeCell", 1, 1, @GOSSIP_MENU+22, 0, 0, 0, "Sure about the song?"),
(@GOSSIP_MENU+22, 5, 8, "Zone-CavernsofTimeDurnholdeKExt", 1, 1, @GOSSIP_MENU+22, 0, 0, 0, "Sure about the song?"),
(@GOSSIP_MENU+22, 6, 8, "Zone-CavernsofTimeDurnholdeKInt", 1, 1, @GOSSIP_MENU+22, 0, 0, 0, "Sure about the song?"),
(@GOSSIP_MENU+22, 7, 8, "Zone-CavernsoftimeHillsbradExtW", 1, 1, @GOSSIP_MENU+22, 0, 0, 0, "Sure about the song?"),
(@GOSSIP_MENU+22, 8, 8, "Zone-CavernsofTimeHyjalExtWalk", 1, 1, @GOSSIP_MENU+22, 0, 0, 0, "Sure about the song?"),
(@GOSSIP_MENU+22, 9, 8, "Event-HyjalPastWisp", 1, 1, @GOSSIP_MENU+22, 0, 0, 0, "Sure about the song?"),
(@GOSSIP_MENU+22, 10, 8, "Event_CT_HyjalExtWalk09", 1, 1, @GOSSIP_MENU+22, 0, 0, 0, "Sure about the song?"),
(@GOSSIP_MENU+22, 11, 8, "Zone-HyjalPastBaseWalk", 1, 1, @GOSSIP_MENU+22, 0, 0, 0, "Sure about the song?"),
(@GOSSIP_MENU+22, 12, 8, "Zone-HyjalPastHordeCampWalk ", 1, 1, @GOSSIP_MENU+22, 0, 0, 0, "Sure about the song?"),
(@GOSSIP_MENU+22, 13, 8, "Zone-HyjalPastNordrassilWalk", 1, 1, @GOSSIP_MENU+22, 0, 0, 0, "Sure about the song?"),
(@GOSSIP_MENU+22, 14, 8, "Zone-HyjalPastSummitWalk ", 1, 1, @GOSSIP_MENU+22, 0, 0, 0, "Sure about the song?"),
(@GOSSIP_MENU+22, 15, 8, "Zone-CavernsofTimeBlackMorassWa", 1, 1, @GOSSIP_MENU+22, 0, 0, 0, "Sure about the song?"),
(@GOSSIP_MENU+22, 16, 8, "Zone-CavernsofTimeTarrenMillExt", 1, 1, @GOSSIP_MENU+22, 0, 0, 0, "Sure about the song?"),
(@GOSSIP_MENU+22, 17, 4, "Back..", 1, 1, @GOSSIP_MENU+36, 0, 0, 0, ""),
(@GOSSIP_MENU+23, 1, 8, "Zone-ColdarraGeneralWalk", 1, 1, @GOSSIP_MENU+23, 0, 0, 0, "Sure about the song?"),
(@GOSSIP_MENU+23, 2, 8, "Zone-BoreanTundraDay", 1, 1, @GOSSIP_MENU+23, 0, 0, 0, "Sure about the song?"),
(@GOSSIP_MENU+23, 3, 8, "Zone-NorthrenScourge", 1, 1, @GOSSIP_MENU+23, 0, 0, 0, "Sure about the song?"),
(@GOSSIP_MENU+23, 4, 8, "Zone-BoreanTundraNight", 1, 1, @GOSSIP_MENU+23, 0, 0, 0, "Sure about the song?"),
(@GOSSIP_MENU+23, 5, 8, "Zone-BoreanTundraGeyserFields", 1, 1, @GOSSIP_MENU+23, 0, 0, 0, "Sure about the song?"),
(@GOSSIP_MENU+23, 6, 8, "Zone-NorthrenRiplashDay", 1, 1, @GOSSIP_MENU+23, 0, 0, 0, "Sure about the song?"),
(@GOSSIP_MENU+23, 7, 8, "Zone-NorthrenRiplashNight", 1, 1, @GOSSIP_MENU+23, 0, 0, 0, "Sure about the song?"),
(@GOSSIP_MENU+23, 8, 4, "Back..", 1, 1, @GOSSIP_MENU+36, 0, 0, 0, ""),
(@GOSSIP_MENU+24, 1, 8, "Intro-BlackTempleVigil", 1, 1, @GOSSIP_MENU+24, 0, 0, 0, "Sure about the song?"),
(@GOSSIP_MENU+24, 2, 8, "Zone-BlackTempleWalk", 1, 1, @GOSSIP_MENU+24, 0, 0, 0, "Sure about the song?"),
(@GOSSIP_MENU+24, 3, 8, "Zone-BlackTempleSanctuaryWalk", 1, 1, @GOSSIP_MENU+24, 0, 0, 0, "Sure about the song?"),
(@GOSSIP_MENU+24, 4, 8, "Intro-BlackTempleSanctuary", 1, 1, @GOSSIP_MENU+24, 0, 0, 0, "Sure about the song?"),
(@GOSSIP_MENU+24, 5, 8, "Zone-BlackTempleIllidariWalk", 1, 1, @GOSSIP_MENU+24, 0, 0, 0, "Sure about the song?"),
(@GOSSIP_MENU+24, 6, 8, "Zone-BlackTempleVigilWalk", 1, 1, @GOSSIP_MENU+24, 0, 0, 0, "Sure about the song?"),
(@GOSSIP_MENU+24, 7, 8, "Intro-BlackTempleKarabor", 1, 1, @GOSSIP_MENU+24, 0, 0, 0, "Sure about the song?"),
(@GOSSIP_MENU+24, 8, 8, "Event_BT_IllidariWalkUni10", 1, 1, @GOSSIP_MENU+24, 0, 0, 0, "Sure about the song?"),
(@GOSSIP_MENU+24, 9, 8, "Intro-BlackTempleIllidari", 1, 1, @GOSSIP_MENU+24, 0, 0, 0, "Sure about the song?"),
(@GOSSIP_MENU+24, 10, 8, "Event_BlackTemplePreludeEvent01", 1, 1, @GOSSIP_MENU+24, 0, 0, 0, "Sure about the song?"),
(@GOSSIP_MENU+24, 11, 8, "Zone-BlackTempleReliquaryWalk", 1, 1, @GOSSIP_MENU+24, 0, 0, 0, "Sure about the song?"),
(@GOSSIP_MENU+24, 12, 8, "Event_BT_ReliquaryWalkUni05", 1, 1, @GOSSIP_MENU+24, 0, 0, 0, "Sure about the song?"),
(@GOSSIP_MENU+24, 13, 8, "Intro-BlackTempleReliquary", 1, 1, @GOSSIP_MENU+24, 0, 0, 0, "Sure about the song?"),
(@GOSSIP_MENU+24, 14, 8, "Zone-BlackTempleAnguishWalk", 1, 1, @GOSSIP_MENU+24, 0, 0, 0, "Sure about the song?"),
(@GOSSIP_MENU+24, 15, 8, "Event_BT_SanctuaryWalkHero01", 1, 1, @GOSSIP_MENU+24, 0, 0, 0, "Sure about the song?"),
(@GOSSIP_MENU+24, 16, 8, "Intro-BlackTempleRefectory", 1, 1, @GOSSIP_MENU+24, 0, 0, 0, "Sure about the song?"),
(@GOSSIP_MENU+24, 17, 8, "Event_BT_SanctuaryWalkUni08", 1, 1, @GOSSIP_MENU+24, 0, 0, 0, "Sure about the song?"),
(@GOSSIP_MENU+24, 18, 8, "Intro-BlackTempleAnguish", 1, 1, @GOSSIP_MENU+24, 0, 0, 0, "Sure about the song?"),
(@GOSSIP_MENU+24, 19, 8, "Event_BT_StormWalkHero02", 1, 1, @GOSSIP_MENU+24, 0, 0, 0, "Sure about the song?"),
(@GOSSIP_MENU+24, 20, 8, "Event_BT_StormWalkUni01", 1, 1, @GOSSIP_MENU+24, 0, 0, 0, "Sure about the song?"),
(@GOSSIP_MENU+24, 21, 8, "Event_BT_StormWalkUni03", 1, 1, @GOSSIP_MENU+24, 0, 0, 0, "Sure about the song?"),
(@GOSSIP_MENU+24, 22, 8, "Event_BT_StormWalkUni04", 1, 1, @GOSSIP_MENU+24, 0, 0, 0, "Sure about the song?"),
(@GOSSIP_MENU+24, 23, 8, "Event_BT_SummitWalkuni01", 1, 1, @GOSSIP_MENU+24, 0, 0, 0, "Sure about the song?"),
(@GOSSIP_MENU+24, 24, 8, "Event_BT_SummitWalkUni02", 1, 1, @GOSSIP_MENU+24, 0, 0, 0, "Sure about the song?"),
(@GOSSIP_MENU+24, 25, 8, "Event_BT_SummitWalkUni03", 1, 1, @GOSSIP_MENU+24, 0, 0, 0, "Sure about the song?"),
(@GOSSIP_MENU+24, 26, 8, "Event_BT_SummitWalkUni04", 1, 1, @GOSSIP_MENU+24, 0, 0, 0, "Sure about the song?"),
(@GOSSIP_MENU+24, 27, 8, "Event_BT_SummitWalkUni05", 1, 1, @GOSSIP_MENU+24, 0, 0, 0, "Sure about the song?"),
(@GOSSIP_MENU+24, 28, 4, "Back..", 1, 1, @GOSSIP_MENU+36, 0, 0, 0, ""),
(@GOSSIP_MENU+25, 1, 8, "Moment-Orc Barren", 1, 1, @GOSSIP_MENU+25, 0, 0, 0, "Sure about the song?"),
(@GOSSIP_MENU+25, 2, 8, "Zone-BarrenDry Day", 1, 1, @GOSSIP_MENU+25, 0, 0, 0, "Sure about the song?"),
(@GOSSIP_MENU+25, 3, 8, "Zone-BarrenDry Night", 1, 1, @GOSSIP_MENU+25, 0, 0, 0, "Sure about the song?"),
(@GOSSIP_MENU+25, 4, 8, "Zone-Crossroads", 1, 1, @GOSSIP_MENU+25, 0, 0, 0, "Sure about the song?"),
(@GOSSIP_MENU+25, 5, 4, "Back..", 1, 1, @GOSSIP_MENU+36, 0, 0, 0, ""),
(@GOSSIP_MENU+26, 1, 8, "Intro-BladesEdgeOgrila", 1, 1, @GOSSIP_MENU+26, 0, 0, 0, "Sure about the song?"),
(@GOSSIP_MENU+26, 2, 8, "Intro-DraeneiRestingUni", 1, 1, @GOSSIP_MENU+26, 0, 0, 0, "Sure about the song?"),
(@GOSSIP_MENU+26, 3, 8, "Intro-Exodar", 1, 1, @GOSSIP_MENU+26, 0, 0, 0, "Sure about the song?"),
(@GOSSIP_MENU+26, 4, 8, "Zone-ExodarWalking", 1, 1, @GOSSIP_MENU+26, 0, 0, 0, "Sure about the song?"),
(@GOSSIP_MENU+26, 5, 8, "Zone-AzuremystNagaWalking", 1, 1, @GOSSIP_MENU+26, 0, 0, 0, "Sure about the song?"),
(@GOSSIP_MENU+26, 6, 8, "Zone-AzuremystOwlWalking", 1, 1, @GOSSIP_MENU+26, 0, 0, 0, "Sure about the song?"),
(@GOSSIP_MENU+26, 7, 8, "Zone-AmmenvaleDraeneiWalking", 1, 1, @GOSSIP_MENU+26, 0, 0, 0, "Sure about the song?"),
(@GOSSIP_MENU+26, 8, 8, "Zone-AzureMystWalking", 1, 1, @GOSSIP_MENU+26, 0, 0, 0, "Sure about the song?"),
(@GOSSIP_MENU+26, 9, 4, "Back..", 1, 1, @GOSSIP_MENU+36, 0, 0, 0, ""),
(@GOSSIP_MENU+27, 1, 8, "Intro-AzjolNerub", 1, 1, @GOSSIP_MENU+27, 0, 0, 0, "Sure about the song?"),
(@GOSSIP_MENU+27, 2, 8, "Zone-AzjolNerubA", 1, 1, @GOSSIP_MENU+27, 0, 0, 0, "Sure about the song?"),
(@GOSSIP_MENU+27, 3, 8, "Zone-AzjolNerubC", 1, 1, @GOSSIP_MENU+27, 0, 0, 0, "Sure about the song?"),
(@GOSSIP_MENU+27, 4, 8, "Zone-AzjolNerubE", 1, 1, @GOSSIP_MENU+27, 0, 0, 0, "Sure about the song?"),
(@GOSSIP_MENU+27, 5, 8, "Zone-AzjolNerubB", 1, 1, @GOSSIP_MENU+27, 0, 0, 0, "Sure about the song?"),
(@GOSSIP_MENU+27, 6, 8, "Intro-AzjolNerubD", 1, 1, @GOSSIP_MENU+27, 0, 0, 0, "Sure about the song?"),
(@GOSSIP_MENU+27, 7, 8, "Zone-AzjolNerubD", 1, 1, @GOSSIP_MENU+27, 0, 0, 0, "Sure about the song?"),
(@GOSSIP_MENU+27, 8, 4, "Back..", 1, 1, @GOSSIP_MENU+36, 0, 0, 0, ""),
(@GOSSIP_MENU+28, 1, 8, "Zone - AhnQirajExterior", 1, 1, @GOSSIP_MENU+28, 0, 0, 0, "Sure about the song?"),
(@GOSSIP_MENU+28, 2, 8, "Zone Music - AhnQirajInteriorWa", 1, 1, @GOSSIP_MENU+28, 0, 0, 0, "Sure about the song?"),
(@GOSSIP_MENU+28, 3, 8, "AhnQirajInteriorCenterRoom", 1, 1, @GOSSIP_MENU+28, 0, 0, 0, "Sure about the song?"),
(@GOSSIP_MENU+28, 4, 8, "Zone Music - AhnQirajInteriorIn", 1, 1, @GOSSIP_MENU+28, 0, 0, 0, "Sure about the song?"),
(@GOSSIP_MENU+28, 5, 8, "AhnQirajKingRoom", 1, 1, @GOSSIP_MENU+28, 0, 0, 0, "Sure about the song?"),
(@GOSSIP_MENU+28, 6, 8, "AhnQirajTriangleRoomWalking", 1, 1, @GOSSIP_MENU+28, 0, 0, 0, "Sure about the song?"),
(@GOSSIP_MENU+28, 7, 4, "Back..", 1, 1, @GOSSIP_MENU+36, 0, 0, 0, ""),
(@GOSSIP_MENU+29, 1, 8, "Zone-NorthrenDarker", 1, 1, @GOSSIP_MENU+29, 0, 0, 0, "Sure about the song?"),
(@GOSSIP_MENU+29, 2, 8, "Zone-BlackTempleDenWalk", 1, 1, @GOSSIP_MENU+29, 0, 0, 0, "Sure about the song?"),
(@GOSSIP_MENU+29, 3, 8, "Zone-BlackTempleKaraborWalk", 1, 1, @GOSSIP_MENU+29, 0, 0, 0, "Sure about the song?"),
(@GOSSIP_MENU+29, 4, 8, "Zone-BoreanTundraTuskarrDay", 1, 1, @GOSSIP_MENU+29, 0, 0, 0, "Sure about the song?"),
(@GOSSIP_MENU+29, 5, 8, "Zone-BoreanTundraTuskarrNight", 1, 1, @GOSSIP_MENU+29, 0, 0, 0, "Sure about the song?"),
(@GOSSIP_MENU+29, 6, 8, "Zone-EbonHArcherusWalk", 1, 1, @GOSSIP_MENU+29, 0, 0, 0, "Sure about the song?"),
(@GOSSIP_MENU+29, 7, 8, "Zone-QuelDanasStage03", 1, 1, @GOSSIP_MENU+29, 0, 0, 0, "Sure about the song?"),
(@GOSSIP_MENU+29, 8, 8, "Zone-QuelDanasDay", 1, 1, @GOSSIP_MENU+29, 0, 0, 0, "Sure about the song?"),
(@GOSSIP_MENU+29, 9, 8, "Zone-QuelDanasNight", 1, 1, @GOSSIP_MENU+29, 0, 0, 0, "Sure about the song?"),
(@GOSSIP_MENU+29, 10, 8, "Zone-QuelDanasStage02", 1, 1, @GOSSIP_MENU+29, 0, 0, 0, "Sure about the song?"),
(@GOSSIP_MENU+29, 11, 8, "Zone-QuelDanasStage01", 1, 1, @GOSSIP_MENU+29, 0, 0, 0, "Sure about the song?"),
(@GOSSIP_MENU+29, 12, 8, "Zone-BladesEdgeGruulsLairWalk", 1, 1, @GOSSIP_MENU+29, 0, 0, 0, "Sure about the song?"),
(@GOSSIP_MENU+29, 13, 8, "Zone-UtgardeD", 1, 1, @GOSSIP_MENU+29, 0, 0, 0, "Sure about the song?"),
(@GOSSIP_MENU+29, 14, 8, "Zone-VrykulWalk", 1, 1, @GOSSIP_MENU+29, 0, 0, 0, "Sure about the song?"),
(@GOSSIP_MENU+29, 15, 8, "Zone-UtgardeA", 1, 1, @GOSSIP_MENU+29, 0, 0, 0, "Sure about the song?"),
(@GOSSIP_MENU+29, 16, 8, "Zone-HowlingFjordTuskarrDay", 1, 1, @GOSSIP_MENU+29, 0, 0, 0, "Sure about the song?"),
(@GOSSIP_MENU+29, 17, 8, "Zone-HowlingFjordTuskarrNight", 1, 1, @GOSSIP_MENU+29, 0, 0, 0, "Sure about the song?"),
(@GOSSIP_MENU+29, 18, 4, "Next page", 1, 1, @GOSSIP_MENU+39, 0, 0, 0, ""),
(@GOSSIP_MENU+29, 19, 4, "Back..", 1, 1, @GOSSIP_MENU+36, 0, 0, 0, ""),
(@GOSSIP_MENU+30, 1, 8, "Intro-ZulDrakGeneralWalkIntro", 1, 1, @GOSSIP_MENU+30, 0, 0, 0, "Sure about the song?"),
(@GOSSIP_MENU+30, 2, 8, "Zone-ZulDrakGeneralWalkDay", 1, 1, @GOSSIP_MENU+30, 0, 0, 0, "Sure about the song?"),
(@GOSSIP_MENU+30, 3, 8, "Zone-ZulDrakGeneralWalkNight", 1, 1, @GOSSIP_MENU+30, 0, 0, 0, "Sure about the song?"),
(@GOSSIP_MENU+30, 4, 8, "Zone-ZuldrakMamtoth", 1, 1, @GOSSIP_MENU+30, 0, 0, 0, "Sure about the song?"),
(@GOSSIP_MENU+30, 5, 8, "Zone-ZuldrakQuetzlun", 1, 1, @GOSSIP_MENU+30, 0, 0, 0, "Sure about the song?"),
(@GOSSIP_MENU+30, 6, 8, "Zone-ZuldrakRhunok", 1, 1, @GOSSIP_MENU+30, 0, 0, 0, "Sure about the song?"),
(@GOSSIP_MENU+30, 7, 8, "Zone-ZuldrakSsertus", 1, 1, @GOSSIP_MENU+30, 0, 0, 0, "Sure about the song?"),
(@GOSSIP_MENU+30, 8, 4, "Back..", 1, 1, @GOSSIP_MENU+36, 0, 0, 0, ""),
(@GOSSIP_MENU+31, 1, 8, "UD_DiscoBallMusic", 1, 1, @GOSSIP_MENU+31, 0, 0, 0, "Sure about the song?"),
(@GOSSIP_MENU+31, 2, 8, "Event_DotD_Undead_Dance", 1, 1, @GOSSIP_MENU+31, 0, 0, 0, "Sure about the song?"),
(@GOSSIP_MENU+31, 3, 8, "Weather - RainHeavy", 1, 1, @GOSSIP_MENU+31, 0, 0, 0, "Sure about the song?"),
(@GOSSIP_MENU+31, 4, 8, "Weather - RainLight", 1, 1, @GOSSIP_MENU+31, 0, 0, 0, "Sure about the song?"),
(@GOSSIP_MENU+31, 5, 8, "Weather - RainMedium", 1, 1, @GOSSIP_MENU+31, 0, 0, 0, "Sure about the song?"),
(@GOSSIP_MENU+31, 6, 8, "Weather - SandstormHeavy", 1, 1, @GOSSIP_MENU+31, 0, 0, 0, "Sure about the song?"),
(@GOSSIP_MENU+31, 7, 8, "Weather - SandstormLight", 1, 1, @GOSSIP_MENU+31, 0, 0, 0, "Sure about the song?"),
(@GOSSIP_MENU+31, 8, 8, "Weather - SandstormMedium", 1, 1, @GOSSIP_MENU+31, 0, 0, 0, "Sure about the song?"),
(@GOSSIP_MENU+31, 9, 8, "Weather - SnowHeavy", 1, 1, @GOSSIP_MENU+31, 0, 0, 0, "Sure about the song?"),
(@GOSSIP_MENU+31, 10, 8, "Weather - SnowLight", 1, 1, @GOSSIP_MENU+31, 0, 0, 0, "Sure about the song?"),
(@GOSSIP_MENU+31, 11, 8, "Weather - SnowMedium", 1, 1, @GOSSIP_MENU+31, 0, 0, 0, "Sure about the song?"),
(@GOSSIP_MENU+31, 12, 8, "Ghost (DONOTRENAME),,", 1, 1, @GOSSIP_MENU+31, 0, 0, 0, "Sure about the song?"),
(@GOSSIP_MENU+31, 13, 8, "Zone Music Day Ghost", 1, 1, @GOSSIP_MENU+31, 0, 0, 0, "Sure about the song?"),
(@GOSSIP_MENU+31, 14, 8, "Underwater (DONOTRENAME),,", 1, 1, @GOSSIP_MENU+31, 0, 0, 0, "Sure about the song?"),
(@GOSSIP_MENU+31, 15, 4, "Back..", 1, 1, @GOSSIP_MENU+36, 0, 0, 0, ""),
(@GOSSIP_MENU+32, 1, 8, "AhnQirajCthunStomach", 1, 1, @GOSSIP_MENU+32, 0, 0, 0, "Sure about the song?"),
(@GOSSIP_MENU+32, 2, 8, "AhnQirajExterior", 1, 1, @GOSSIP_MENU+32, 0, 0, 0, "Sure about the song?"),
(@GOSSIP_MENU+32, 3, 8, "AmaniPassDay", 1, 1, @GOSSIP_MENU+32, 0, 0, 0, "Sure about the song?"),
(@GOSSIP_MENU+32, 4, 8, "AmaniPassNight", 1, 1, @GOSSIP_MENU+32, 0, 0, 0, "Sure about the song?"),
(@GOSSIP_MENU+32, 5, 8, "AmanValeDay", 1, 1, @GOSSIP_MENU+32, 0, 0, 0, "Sure about the song?"),
(@GOSSIP_MENU+32, 6, 8, "AmenValeNight", 1, 1, @GOSSIP_MENU+32, 0, 0, 0, "Sure about the song?"),
(@GOSSIP_MENU+32, 7, 8, "AmmenValeCrashSiteDay", 1, 1, @GOSSIP_MENU+32, 0, 0, 0, "Sure about the song?"),
(@GOSSIP_MENU+32, 8, 8, "AmmenValeCrashSiteNight", 1, 1, @GOSSIP_MENU+32, 0, 0, 0, "Sure about the song?"),
(@GOSSIP_MENU+32, 9, 8, "AzureBreezeCoastDay", 1, 1, @GOSSIP_MENU+32, 0, 0, 0, "Sure about the song?"),
(@GOSSIP_MENU+32, 10, 8, "AzureBreezeCoastNight", 1, 1, @GOSSIP_MENU+32, 0, 0, 0, "Sure about the song?"),
(@GOSSIP_MENU+32, 11, 8, "BeachDay", 1, 1, @GOSSIP_MENU+32, 0, 0, 0, "Sure about the song?"),
(@GOSSIP_MENU+32, 12, 8, "BeachNight", 1, 1, @GOSSIP_MENU+32, 0, 0, 0, "Sure about the song?"),
(@GOSSIP_MENU+32, 13, 8, "BlackMorass", 1, 1, @GOSSIP_MENU+32, 0, 0, 0, "Sure about the song?"),
(@GOSSIP_MENU+32, 14, 8, "BladesEdgeForest", 1, 1, @GOSSIP_MENU+32, 0, 0, 0, "Sure about the song?"),
(@GOSSIP_MENU+32, 15, 8, "BladesEdgeGlobal", 1, 1, @GOSSIP_MENU+32, 0, 0, 0, "Sure about the song?"),
(@GOSSIP_MENU+32, 16, 8, "BladesEdgeSylvanaar", 1, 1, @GOSSIP_MENU+32, 0, 0, 0, "Sure about the song?"),
(@GOSSIP_MENU+32, 17, 8, "BloodMystIsleDay", 1, 1, @GOSSIP_MENU+32, 0, 0, 0, "Sure about the song?"),
(@GOSSIP_MENU+32, 18, 8, "BloodMystIsleNight", 1, 1, @GOSSIP_MENU+32, 0, 0, 0, "Sure about the song?"),
(@GOSSIP_MENU+32, 19, 8, "BoneWastes1", 1, 1, @GOSSIP_MENU+32, 0, 0, 0, "Sure about the song?"),
(@GOSSIP_MENU+32, 20, 8, "BoreanTundraGeneralDay", 1, 1, @GOSSIP_MENU+32, 0, 0, 0, "Sure about the song?"),
(@GOSSIP_MENU+32, 21, 8, "BoreanTundraGeneralNight", 1, 1, @GOSSIP_MENU+32, 0, 0, 0, "Sure about the song?"),
(@GOSSIP_MENU+32, 22, 8, "CanyonDesertDay", 1, 1, @GOSSIP_MENU+32, 0, 0, 0, "Sure about the song?"),
(@GOSSIP_MENU+32, 23, 8, "GlueScreenOrcTroll", 1, 1, @GOSSIP_MENU+32, 0, 0, 0, "Sure about the song?"),
(@GOSSIP_MENU+32, 24, 8, "CanyonDesertNight", 1, 1, @GOSSIP_MENU+32, 0, 0, 0, "Sure about the song?"),
(@GOSSIP_MENU+32, 25, 8, "ColdarraNightDay", 1, 1, @GOSSIP_MENU+32, 0, 0, 0, "Sure about the song?"),
(@GOSSIP_MENU+32, 26, 4, "Next page", 1, 1, @GOSSIP_MENU+40, 0, 0, 0, ""),
(@GOSSIP_MENU+32, 27, 4, "Back..", 1, 1, @GOSSIP_MENU+36, 0, 0, 0, ""),
(@GOSSIP_MENU+33, 1, 8, "Zone-UtgardeC", 1, 1, @GOSSIP_MENU+33, 0, 0, 0, "Sure about the song?"),
(@GOSSIP_MENU+33, 2, 8, "Zone-UtgardeF", 1, 1, @GOSSIP_MENU+33, 0, 0, 0, "Sure about the song?"),
(@GOSSIP_MENU+33, 3, 8, "Zone-UtgardeB", 1, 1, @GOSSIP_MENU+33, 0, 0, 0, "Sure about the song?"),
(@GOSSIP_MENU+33, 4, 8, "Zone-TempestKeepWalkingUni", 1, 1, @GOSSIP_MENU+33, 0, 0, 0, "Sure about the song?"),
(@GOSSIP_MENU+33, 5, 8, "Zone-TempestKeepBosses", 1, 1, @GOSSIP_MENU+33, 0, 0, 0, "Sure about the song?"),
(@GOSSIP_MENU+33, 6, 8, "Zone-StormpeaksDay", 1, 1, @GOSSIP_MENU+33, 0, 0, 0, "Sure about the song?"),
(@GOSSIP_MENU+33, 7, 8, "Zone-StormpeaksNight", 1, 1, @GOSSIP_MENU+33, 0, 0, 0, "Sure about the song?"),
(@GOSSIP_MENU+33, 8, 8, "PVP-Battle Grounds", 1, 1, @GOSSIP_MENU+33, 0, 0, 0, "Sure about the song?"),
(@GOSSIP_MENU+33, 9, 8, "Intro-NagrandDimond", 1, 1, @GOSSIP_MENU+33, 0, 0, 0, "Sure about the song?"),
(@GOSSIP_MENU+33, 10, 8, "Zone-NagrandDay", 1, 1, @GOSSIP_MENU+33, 0, 0, 0, "Sure about the song?"),
(@GOSSIP_MENU+33, 11, 8, "Zone-NagrandNight", 1, 1, @GOSSIP_MENU+33, 0, 0, 0, "Sure about the song?"),
(@GOSSIP_MENU+33, 12, 8, "Zone-NexusC", 1, 1, @GOSSIP_MENU+33, 0, 0, 0, "Sure about the song?"),
(@GOSSIP_MENU+33, 13, 8, "Zone-NexusD", 1, 1, @GOSSIP_MENU+33, 0, 0, 0, "Sure about the song?"),
(@GOSSIP_MENU+33, 14, 8, "Zone-NexusB", 1, 1, @GOSSIP_MENU+33, 0, 0, 0, "Sure about the song?"),
(@GOSSIP_MENU+33, 15, 4, "Next page", 1, 1, @GOSSIP_MENU+44, 0, 0, 0, ""),
(@GOSSIP_MENU+33, 16, 4, "Back..", 1, 1, @GOSSIP_MENU+36, 0, 0, 0, ""),
(@GOSSIP_MENU+34, 1, 8, "AN_GeneralIntro_01.mp3", 1, 1, @GOSSIP_MENU+34, 0, 0, 0, "Sure about the song?"),
(@GOSSIP_MENU+34, 2, 8, "AN_GeneralWalk_03.mp3", 1, 1, @GOSSIP_MENU+34, 0, 0, 0, "Sure about the song?"),
(@GOSSIP_MENU+34, 3, 8, "AN_GeneralWalk_14.mp3", 1, 1, @GOSSIP_MENU+34, 0, 0, 0, "Sure about the song?"),
(@GOSSIP_MENU+34, 4, 8, "BO_ColdarraWalkUni01.mp3", 1, 1, @GOSSIP_MENU+34, 0, 0, 0, "Sure about the song?"),
(@GOSSIP_MENU+34, 5, 8, "BO_GeneralWalk_Day07.mp3", 1, 1, @GOSSIP_MENU+34, 0, 0, 0, "Sure about the song?"),
(@GOSSIP_MENU+34, 6, 8, "BO_GeyserField_General01.mp3", 1, 1, @GOSSIP_MENU+34, 0, 0, 0, "Sure about the song?"),
(@GOSSIP_MENU+34, 7, 8, "BO_Riplash_Day01.mp3", 1, 1, @GOSSIP_MENU+34, 0, 0, 0, "Sure about the song?"),
(@GOSSIP_MENU+34, 8, 8, "BO_Tusk_KaskalaDay02.mp3", 1, 1, @GOSSIP_MENU+34, 0, 0, 0, "Sure about the song?"),
(@GOSSIP_MENU+34, 9, 8, "CA_AspectsGeneralWalkADay01.mp3", 1, 1, @GOSSIP_MENU+34, 0, 0, 0, "Sure about the song?"),
(@GOSSIP_MENU+34, 10, 8, "CA_AspectsIntroADay01.mp3", 1, 1, @GOSSIP_MENU+34, 0, 0, 0, "Sure about the song?"),
(@GOSSIP_MENU+34, 11, 8, "CS_CrystalsongWalkUni01.mp3", 1, 1, @GOSSIP_MENU+34, 0, 0, 0, "Sure about the song?"),
(@GOSSIP_MENU+34, 12, 8, "CT_StratholmePastAlleyEnd.mp3", 1, 1, @GOSSIP_MENU+34, 0, 0, 0, "Sure about the song?"),
(@GOSSIP_MENU+34, 13, 8, "CT_StratholmePastOutdoorsWalkANight.mp3", 1, 1, @GOSSIP_MENU+34, 0, 0, 0, "Sure about the song?"),
(@GOSSIP_MENU+34, 14, 8, "DB_GeneralIntro_01.mp3", 1, 1, @GOSSIP_MENU+34, 0, 0, 0, "Sure about the song?"),
(@GOSSIP_MENU+34, 15, 8, "DB_GeneralWalk_Day06.mp3", 1, 1, @GOSSIP_MENU+34, 0, 0, 0, "Sure about the song?"),
(@GOSSIP_MENU+34, 16, 8, "DB_GeneralWalk_Night08.mp3", 1, 1, @GOSSIP_MENU+34, 0, 0, 0, "Sure about the song?"),
(@GOSSIP_MENU+34, 17, 8, "DC_GeneralWalkUni01.mp3", 1, 1, @GOSSIP_MENU+34, 0, 0, 0, "Sure about the song?"),
(@GOSSIP_MENU+34, 18, 8, "EH_AssaultUni01.mp3", 1, 1, @GOSSIP_MENU+34, 0, 0, 0, "Sure about the song?"),
(@GOSSIP_MENU+34, 19, 8, "GH_GeneralWalk_A_Day01.mp3", 1, 1, @GOSSIP_MENU+34, 0, 0, 0, "Sure about the song?"),
(@GOSSIP_MENU+34, 20, 8, "GH_Intro1Uni01.mp3", 1, 1, @GOSSIP_MENU+34, 0, 0, 0, "Sure about the song?"),
(@GOSSIP_MENU+34, 21, 8, "GH_WalkDay09.mp3", 1, 1, @GOSSIP_MENU+34, 0, 0, 0, "Sure about the song?"),
(@GOSSIP_MENU+34, 22, 8, "HF_DistWalkUni01.mp3", 1, 1, @GOSSIP_MENU+34, 0, 0, 0, "Sure about the song?"),
(@GOSSIP_MENU+34, 23, 8, "HF_GeneralWalk_Day01.mp3", 1, 1, @GOSSIP_MENU+34, 0, 0, 0, "Sure about the song?"),
(@GOSSIP_MENU+34, 24, 8, "HF_Tusk_KamaguaNight01.mp3", 1, 1, @GOSSIP_MENU+34, 0, 0, 0, "Sure about the song?"),
(@GOSSIP_MENU+34, 25, 4, "Next page", 1, 1, @GOSSIP_MENU+45, 0, 0, 0, ""),
(@GOSSIP_MENU+34, 26, 4, "Back..", 1, 1, @GOSSIP_MENU+36, 0, 0, 0, ""),
(@GOSSIP_MENU+36, 1, 3, "Grizzly Hills", 1, 1, @GOSSIP_MENU+15, 0, 0, 0, ""),
(@GOSSIP_MENU+36, 2, 3, "Ghostlands", 1, 1, @GOSSIP_MENU+16, 0, 0, 0, ""),
(@GOSSIP_MENU+36, 3, 3, "Eversong", 1, 1, @GOSSIP_MENU+17, 0, 0, 0, ""),
(@GOSSIP_MENU+36, 4, 3, "Dragonblight", 1, 1, @GOSSIP_MENU+18, 0, 0, 0, ""),
(@GOSSIP_MENU+36, 5, 3, "Dalaran", 1, 1, @GOSSIP_MENU+19, 0, 0, 0, ""),
(@GOSSIP_MENU+36, 6, 3, "Cursed Land", 1, 1, @GOSSIP_MENU+20, 0, 0, 0, ""),
(@GOSSIP_MENU+36, 7, 3, "Chamber Of The Aspects", 1, 1, @GOSSIP_MENU+21, 0, 0, 0, ""),
(@GOSSIP_MENU+36, 8, 3, "Caverns Of Time", 1, 1, @GOSSIP_MENU+22, 0, 0, 0, ""),
(@GOSSIP_MENU+36, 9, 3, "Music Borean Tundra", 1, 1, @GOSSIP_MENU+23, 0, 0, 0, ""),
(@GOSSIP_MENU+36, 10, 3, "Black Temple", 1, 1, @GOSSIP_MENU+24, 0, 0, 0, ""),
(@GOSSIP_MENU+36, 11, 3, "Barrens", 1, 1, @GOSSIP_MENU+25, 0, 0, 0, ""),
(@GOSSIP_MENU+36, 12, 3, "Azuremyst", 1, 1, @GOSSIP_MENU+26, 0, 0, 0, ""),
(@GOSSIP_MENU+36, 13, 3, "Azjol Nerub", 1, 1, @GOSSIP_MENU+27, 0, 0, 0, ""),
(@GOSSIP_MENU+36, 14, 3, "Ahn Qiraj", 1, 1, @GOSSIP_MENU+28, 0, 0, 0, ""),
(@GOSSIP_MENU+36, 15, 3, "Music", 1, 1, @GOSSIP_MENU+29, 0, 0, 0, ""),
(@GOSSIP_MENU+36, 16, 3, "Zul Drak", 1, 1, @GOSSIP_MENU+30, 0, 0, 0, ""),
(@GOSSIP_MENU+36, 17, 3, "Misc", 1, 1, @GOSSIP_MENU+31, 0, 0, 0, ""),
(@GOSSIP_MENU+36, 18, 3, "Ambience", 1, 1, @GOSSIP_MENU+32, 0, 0, 0, ""),
(@GOSSIP_MENU+36, 19, 3, "Minor categories", 1, 1, @GOSSIP_MENU+33, 0, 0, 0, ""),
(@GOSSIP_MENU+36, 20, 3, "Temp music", 1, 1, @GOSSIP_MENU+34, 0, 0, 0, ""),
(@GOSSIP_MENU+36, 21, 4, "Back..", 1, 1, @GOSSIP_MENU, 0, 0, 0, ""),
(@GOSSIP_MENU+37, 1, 8, "Zone-IcecrownSummitWalk", 1, 1, @GOSSIP_MENU+37, 0, 0, 0, "Sure about the song?"),
(@GOSSIP_MENU+37, 2, 8, "Intro-PitofSaron", 1, 1, @GOSSIP_MENU+37, 0, 0, 0, "Sure about the song?"),
(@GOSSIP_MENU+37, 3, 8, "Zone-PitofSaron", 1, 1, @GOSSIP_MENU+37, 0, 0, 0, "Sure about the song?"),
(@GOSSIP_MENU+37, 4, 8, "Intro-PitofSaronEntry", 1, 1, @GOSSIP_MENU+37, 0, 0, 0, "Sure about the song?"),
(@GOSSIP_MENU+37, 5, 8, "Zone-PitofSaronEntry", 1, 1, @GOSSIP_MENU+37, 0, 0, 0, "Sure about the song?"),
(@GOSSIP_MENU+37, 6, 8, "Intro-IcecrownRaidFloor1Entry", 1, 1, @GOSSIP_MENU+37, 0, 0, 0, "Sure about the song?"),
(@GOSSIP_MENU+37, 7, 8, "Intro-IcecrownRaidFloor2Intro", 1, 1, @GOSSIP_MENU+37, 0, 0, 0, "Sure about the song?"),
(@GOSSIP_MENU+37, 8, 8, "Zone-IcecrownRaidFloor1Entry", 1, 1, @GOSSIP_MENU+37, 0, 0, 0, "Sure about the song?"),
(@GOSSIP_MENU+37, 9, 8, "Zone-IcecrownRaidFloor2Intro", 1, 1, @GOSSIP_MENU+37, 0, 0, 0, "Sure about the song?"),
(@GOSSIP_MENU+37, 10, 8, "Intro-IcecrownRaidFloor1Deathwhisper", 1, 1, @GOSSIP_MENU+37, 0, 0, 0, "Sure about the song?"),
(@GOSSIP_MENU+37, 11, 8, "Intro-IcecrownRaidFloor2Plague", 1, 1, @GOSSIP_MENU+37, 0, 0, 0, "Sure about the song?"),
(@GOSSIP_MENU+37, 12, 8, "Zone-IcecrownRaidFloor1Deathwhisper", 1, 1, @GOSSIP_MENU+37, 0, 0, 0, "Sure about the song?"),
(@GOSSIP_MENU+37, 13, 8, "Zone-IcecrownRaidFloor2Plague", 1, 1, @GOSSIP_MENU+37, 0, 0, 0, "Sure about the song?"),
(@GOSSIP_MENU+37, 14, 8, "Intro-PitofSaronTyrannus", 1, 1, @GOSSIP_MENU+37, 0, 0, 0, "Sure about the song?"),
(@GOSSIP_MENU+37, 15, 8, "Zone-PitofSaronTyrannus", 1, 1, @GOSSIP_MENU+37, 0, 0, 0, "Sure about the song?"),
(@GOSSIP_MENU+37, 16, 8, "Intro-IcecrownRaidFloor2Valithria", 1, 1, @GOSSIP_MENU+37, 0, 0, 0, "Sure about the song?"),
(@GOSSIP_MENU+37, 17, 8, "Zone-IcecrownRaidFloor2Valithria", 1, 1, @GOSSIP_MENU+37, 0, 0, 0, "Sure about the song?"),
(@GOSSIP_MENU+37, 18, 8, "Intro-IcecrownRaidFloor2Spire", 1, 1, @GOSSIP_MENU+37, 0, 0, 0, "Sure about the song?"),
(@GOSSIP_MENU+37, 19, 8, "Zone-IcecrownRaidFloor2Spire", 1, 1, @GOSSIP_MENU+37, 0, 0, 0, "Sure about the song?"),
(@GOSSIP_MENU+37, 20, 8, "Intro-IcecrownRaidFloor2Frost", 1, 1, @GOSSIP_MENU+37, 0, 0, 0, "Sure about the song?"),
(@GOSSIP_MENU+37, 21, 8, "Zone-IcecrownRaidFloor2Frost", 1, 1, @GOSSIP_MENU+37, 0, 0, 0, "Sure about the song?"),
(@GOSSIP_MENU+37, 22, 8, "Intro-IcecrownRaidFloor1Spire", 1, 1, @GOSSIP_MENU+37, 0, 0, 0, "Sure about the song?"),
(@GOSSIP_MENU+37, 23, 8, "Zone-IcecrownRaidFloor1Spire", 1, 1, @GOSSIP_MENU+37, 0, 0, 0, "Sure about the song?"),
(@GOSSIP_MENU+37, 24, 4, "Back..", 1, 1, @GOSSIP_MENU+2, 0, 0, 0, ""),
(@GOSSIP_MENU+38, 1, 8, "Ironforge Intro", 1, 1, @GOSSIP_MENU+38, 0, 0, 0, "Sure about the song?"),
(@GOSSIP_MENU+38, 2, 8, "Zone-Ironforge Intro", 1, 1, @GOSSIP_MENU+38, 0, 0, 0, "Sure about the song?"),
(@GOSSIP_MENU+38, 3, 8, "Zone-Ironforge", 1, 1, @GOSSIP_MENU+38, 0, 0, 0, "Sure about the song?"),
(@GOSSIP_MENU+38, 4, 8, "Moment-KingsTheme", 1, 1, @GOSSIP_MENU+38, 0, 0, 0, "Sure about the song?"),
(@GOSSIP_MENU+38, 5, 8, "Moment-Monestery", 1, 1, @GOSSIP_MENU+38, 0, 0, 0, "Sure about the song?"),
(@GOSSIP_MENU+38, 6, 8, "Zone-Dwarf Outpost", 1, 1, @GOSSIP_MENU+38, 0, 0, 0, "Sure about the song?"),
(@GOSSIP_MENU+38, 7, 8, "Zone-TinkerTown Intro", 1, 1, @GOSSIP_MENU+38, 0, 0, 0, "Sure about the song?"),
(@GOSSIP_MENU+38, 8, 8, "Zone-Gnomeragon", 1, 1, @GOSSIP_MENU+38, 0, 0, 0, "Sure about the song?"),
(@GOSSIP_MENU+38, 9, 8, "Moment-Darnassus Intro", 1, 1, @GOSSIP_MENU+38, 0, 0, 0, "Sure about the song?"),
(@GOSSIP_MENU+38, 10, 8, "Zone-Darnassus", 1, 1, @GOSSIP_MENU+38, 0, 0, 0, "Sure about the song?"),
(@GOSSIP_MENU+38, 11, 8, "Moment-Darnassus Walking03", 1, 1, @GOSSIP_MENU+38, 0, 0, 0, "Sure about the song?"),
(@GOSSIP_MENU+38, 12, 8, "Moment-DruidGrove", 1, 1, @GOSSIP_MENU+38, 0, 0, 0, "Sure about the song?"),
(@GOSSIP_MENU+38, 13, 8, "Moment-WarriorTerrace", 1, 1, @GOSSIP_MENU+38, 0, 0, 0, "Sure about the song?"),
(@GOSSIP_MENU+38, 14, 8, "Zone-TavernUndead", 1, 1, @GOSSIP_MENU+38, 0, 0, 0, "Sure about the song?"),
(@GOSSIP_MENU+38, 15, 8, "Zone-TavernTauren", 1, 1, @GOSSIP_MENU+38, 0, 0, 0, "Sure about the song?"),
(@GOSSIP_MENU+38, 16, 8, "Zone-TavernPirate", 1, 1, @GOSSIP_MENU+38, 0, 0, 0, "Sure about the song?"),
(@GOSSIP_MENU+38, 17, 8, "Zone-TavernOrc", 1, 1, @GOSSIP_MENU+38, 0, 0, 0, "Sure about the song?"),
(@GOSSIP_MENU+38, 18, 8, "Zone-TavernTempleofTheMoon", 1, 1, @GOSSIP_MENU+38, 0, 0, 0, "Sure about the song?"),
(@GOSSIP_MENU+38, 19, 8, "Zone-TavernAlliance", 1, 1, @GOSSIP_MENU+38, 0, 0, 0, "Sure about the song?"),
(@GOSSIP_MENU+38, 20, 8, "Zone-TavernHorde", 1, 1, @GOSSIP_MENU+38, 0, 0, 0, "Sure about the song?"),
(@GOSSIP_MENU+38, 21, 8, "Zone-TavernHorde01", 1, 1, @GOSSIP_MENU+38, 0, 0, 0, "Sure about the song?"),
(@GOSSIP_MENU+38, 22, 8, "Zone-TavernDwarf01", 1, 1, @GOSSIP_MENU+38, 0, 0, 0, "Sure about the song?"),
(@GOSSIP_MENU+38, 23, 4, "Back..", 1, 1, @GOSSIP_MENU+6, 0, 0, 0, ""),
(@GOSSIP_MENU+39, 18, 8, "Zone-NetherstormEco-Domes", 1, 1, @GOSSIP_MENU+39, 0, 0, 0, "Sure about the song?"),
(@GOSSIP_MENU+39, 19, 8, "Zone-NexusE", 1, 1, @GOSSIP_MENU+39, 0, 0, 0, "Sure about the song?"),
(@GOSSIP_MENU+39, 20, 8, "Zone-DraktharonAviry", 1, 1, @GOSSIP_MENU+39, 0, 0, 0, "Sure about the song?"),
(@GOSSIP_MENU+39, 21, 8, "Zone-DraktharonGeneralWalk", 1, 1, @GOSSIP_MENU+39, 0, 0, 0, "Sure about the song?"),
(@GOSSIP_MENU+39, 22, 8, "Zone-GundrakGeneralWalk", 1, 1, @GOSSIP_MENU+39, 0, 0, 0, "Sure about the song?"),
(@GOSSIP_MENU+39, 23, 8, "Zone-GundrakPoolTwistedReflecti", 1, 1, @GOSSIP_MENU+39, 0, 0, 0, "Sure about the song?"),
(@GOSSIP_MENU+39, 24, 8, "Zone-DraktharonDraknidLayer", 1, 1, @GOSSIP_MENU+39, 0, 0, 0, "Sure about the song?"),
(@GOSSIP_MENU+39, 25, 8, "Zone-MagistersTerraceIntWalking", 1, 1, @GOSSIP_MENU+39, 0, 0, 0, "Sure about the song?"),
(@GOSSIP_MENU+39, 26, 8, "Zone-MagistersTerraceWalking", 1, 1, @GOSSIP_MENU+39, 0, 0, 0, "Sure about the song?"),
(@GOSSIP_MENU+39, 27, 8, "Zone-SunwellPlateauWalking", 1, 1, @GOSSIP_MENU+39, 0, 0, 0, "Sure about the song?"),
(@GOSSIP_MENU+39, 28, 8, "Zone-SunwellPlateauIntWalk", 1, 1, @GOSSIP_MENU+39, 0, 0, 0, "Sure about the song?"),
(@GOSSIP_MENU+39, 29, 8, "Zone-SunwellPlateauKilJaeden", 1, 1, @GOSSIP_MENU+39, 0, 0, 0, "Sure about the song?"),
(@GOSSIP_MENU+39, 30, 8, "Zone-DraktharonOverlook", 1, 1, @GOSSIP_MENU+39, 0, 0, 0, "Sure about the song?"),
(@GOSSIP_MENU+39, 31, 8, "Zone-DraktharonWarlordsTerrace", 1, 1, @GOSSIP_MENU+39, 0, 0, 0, "Sure about the song?"),
(@GOSSIP_MENU+39, 32, 8, "Zone-GundrakChamberofAkali", 1, 1, @GOSSIP_MENU+39, 0, 0, 0, "Sure about the song?"),
(@GOSSIP_MENU+39, 33, 8, "Zone-DraktharonRaptorPens", 1, 1, @GOSSIP_MENU+39, 0, 0, 0, "Sure about the song?"),
(@GOSSIP_MENU+39, 34, 8, "Zone-DraktharonTempleForgotten", 1, 1, @GOSSIP_MENU+39, 0, 0, 0, "Sure about the song?"),
(@GOSSIP_MENU+39, 35, 8, "Zone-GundrakCaveofMamtoth", 1, 1, @GOSSIP_MENU+39, 0, 0, 0, "Sure about the song?"),
(@GOSSIP_MENU+39, 36, 8, "Zone-GundrakDenofSseratus", 1, 1, @GOSSIP_MENU+39, 0, 0, 0, "Sure about the song?"),
(@GOSSIP_MENU+39, 37, 4, "Back..", 1, 1, @GOSSIP_MENU+29, 0, 0, 0, ""),
(@GOSSIP_MENU+40, 1, 8, "CrystalSongForest", 1, 1, @GOSSIP_MENU+40, 0, 0, 0, "Sure about the song?"),
(@GOSSIP_MENU+40, 2, 8, "DalaranCityDay", 1, 1, @GOSSIP_MENU+40, 0, 0, 0, "Sure about the song?"),
(@GOSSIP_MENU+40, 3, 8, "DalaranCityNight", 1, 1, @GOSSIP_MENU+40, 0, 0, 0, "Sure about the song?"),
(@GOSSIP_MENU+40, 4, 8, "DarkPortal", 1, 1, @GOSSIP_MENU+40, 0, 0, 0, "Sure about the song?"),
(@GOSSIP_MENU+40, 5, 8, "test - DarkPortal", 1, 1, @GOSSIP_MENU+40, 0, 0, 0, "Sure about the song?"),
(@GOSSIP_MENU+40, 6, 8, "DeadMines", 1, 1, @GOSSIP_MENU+40, 0, 0, 0, "Sure about the song?"),
(@GOSSIP_MENU+40, 7, 8, "DeadWindPassDay", 1, 1, @GOSSIP_MENU+40, 0, 0, 0, "Sure about the song?"),
(@GOSSIP_MENU+40, 8, 8, "DeadWindPassNight", 1, 1, @GOSSIP_MENU+40, 0, 0, 0, "Sure about the song?"),
(@GOSSIP_MENU+40, 9, 8, "DragonblightEmeraldDragonShrine", 1, 1, @GOSSIP_MENU+40, 0, 0, 0, "Sure about the song?"),
(@GOSSIP_MENU+40, 10, 8, "DragonBlightGeneralDay", 1, 1, @GOSSIP_MENU+40, 0, 0, 0, "Sure about the song?"),
(@GOSSIP_MENU+40, 11, 8, "DragonBlightGeneralNight", 1, 1, @GOSSIP_MENU+40, 0, 0, 0, "Sure about the song?"),
(@GOSSIP_MENU+40, 12, 8, "DragonblightPlainsNightday", 1, 1, @GOSSIP_MENU+40, 0, 0, 0, "Sure about the song?"),
(@GOSSIP_MENU+40, 13, 8, "EbonHoldStage1_Day", 1, 1, @GOSSIP_MENU+40, 0, 0, 0, "Sure about the song?"),
(@GOSSIP_MENU+40, 14, 8, "EbonHoldStage1_Night", 1, 1, @GOSSIP_MENU+40, 0, 0, 0, "Sure about the song?"),
(@GOSSIP_MENU+40, 15, 8, "EbonHoldStage2", 1, 1, @GOSSIP_MENU+40, 0, 0, 0, "Sure about the song?"),
(@GOSSIP_MENU+40, 16, 8, "EbonHoldStage3", 1, 1, @GOSSIP_MENU+40, 0, 0, 0, "Sure about the song?"),
(@GOSSIP_MENU+40, 17, 8, "EbonHoldStage4", 1, 1, @GOSSIP_MENU+40, 0, 0, 0, "Sure about the song?"),
(@GOSSIP_MENU+40, 18, 8, "EcoDomeAll", 1, 1, @GOSSIP_MENU+40, 0, 0, 0, "Sure about the song?"),
(@GOSSIP_MENU+40, 19, 8, "ForestEnchantedDay", 1, 1, @GOSSIP_MENU+40, 0, 0, 0, "Sure about the song?"),
(@GOSSIP_MENU+40, 20, 8, "ForestEnchantedNight", 1, 1, @GOSSIP_MENU+40, 0, 0, 0, "Sure about the song?"),
(@GOSSIP_MENU+40, 21, 8, "GlueScreenNightElf", 1, 1, @GOSSIP_MENU+40, 0, 0, 0, "Sure about the song?"),
(@GOSSIP_MENU+40, 22, 8, "EversongDay", 1, 1, @GOSSIP_MENU+40, 0, 0, 0, "Sure about the song?"),
(@GOSSIP_MENU+40, 23, 8, "EversongNight", 1, 1, @GOSSIP_MENU+40, 0, 0, 0, "Sure about the song?"),
(@GOSSIP_MENU+40, 24, 8, "ForestEnchantedDarkDay", 1, 1, @GOSSIP_MENU+40, 0, 0, 0, "Sure about the song?"),
(@GOSSIP_MENU+40, 25, 8, "ForestEnchantedDarkNight", 1, 1, @GOSSIP_MENU+40, 0, 0, 0, "Sure about the song?"),
(@GOSSIP_MENU+40, 26, 4, "Next page", 1, 1, @GOSSIP_MENU+41, 0, 0, 0, ""),
(@GOSSIP_MENU+40, 27, 4, "Back..", 1, 1, @GOSSIP_MENU+32, 0, 0, 0, ""),
(@GOSSIP_MENU+41, 1, 8, "ForestHighDay", 1, 1, @GOSSIP_MENU+41, 0, 0, 0, "Sure about the song?"),
(@GOSSIP_MENU+41, 2, 8, "ForestHighNight", 1, 1, @GOSSIP_MENU+41, 0, 0, 0, "Sure about the song?"),
(@GOSSIP_MENU+41, 3, 8, "ForestNormalDay", 1, 1, @GOSSIP_MENU+41, 0, 0, 0, "Sure about the song?"),
(@GOSSIP_MENU+41, 4, 8, "GlueScreenHuman", 1, 1, @GOSSIP_MENU+41, 0, 0, 0, "Sure about the song?"),
(@GOSSIP_MENU+41, 5, 8, "ForestNormalNight", 1, 1, @GOSSIP_MENU+41, 0, 0, 0, "Sure about the song?"),
(@GOSSIP_MENU+41, 6, 8, "GarassLandsNight", 1, 1, @GOSSIP_MENU+41, 0, 0, 0, "Sure about the song?"),
(@GOSSIP_MENU+41, 7, 8, "ForestScaryDay", 1, 1, @GOSSIP_MENU+41, 0, 0, 0, "Sure about the song?"),
(@GOSSIP_MENU+41, 8, 8, "ForestScaryNight", 1, 1, @GOSSIP_MENU+41, 0, 0, 0, "Sure about the song?"),
(@GOSSIP_MENU+41, 9, 8, "GlueScreenUndead", 1, 1, @GOSSIP_MENU+41, 0, 0, 0, "Sure about the song?"),
(@GOSSIP_MENU+41, 10, 8, "ForestSnowDay", 1, 1, @GOSSIP_MENU+41, 0, 0, 0, "Sure about the song?"),
(@GOSSIP_MENU+41, 11, 8, "GlueScreenDwarfGnome", 1, 1, @GOSSIP_MENU+41, 0, 0, 0, "Sure about the song?"),
(@GOSSIP_MENU+41, 12, 8, "ForestSnowNight", 1, 1, @GOSSIP_MENU+41, 0, 0, 0, "Sure about the song?"),
(@GOSSIP_MENU+41, 13, 8, "GhostlandsDay", 1, 1, @GOSSIP_MENU+41, 0, 0, 0, "Sure about the song?"),
(@GOSSIP_MENU+41, 14, 8, "GhostlandsDay2", 1, 1, @GOSSIP_MENU+41, 0, 0, 0, "Sure about the song?"),
(@GOSSIP_MENU+41, 15, 8, "GhostlandsNight", 1, 1, @GOSSIP_MENU+41, 0, 0, 0, "Sure about the song?"),
(@GOSSIP_MENU+41, 16, 8, "GhostlandsNight2", 1, 1, @GOSSIP_MENU+41, 0, 0, 0, "Sure about the song?"),
(@GOSSIP_MENU+41, 17, 8, "GlueScreenTauren", 1, 1, @GOSSIP_MENU+41, 0, 0, 0, "Sure about the song?"),
(@GOSSIP_MENU+41, 18, 8, "GrasslandsDay", 1, 1, @GOSSIP_MENU+41, 0, 0, 0, "Sure about the song?"),
(@GOSSIP_MENU+41, 19, 8, "GrizzlyHillsDayGeneral", 1, 1, @GOSSIP_MENU+41, 0, 0, 0, "Sure about the song?"),
(@GOSSIP_MENU+41, 20, 8, "GrizzlyHillsLumberNightDay", 1, 1, @GOSSIP_MENU+41, 0, 0, 0, "Sure about the song?"),
(@GOSSIP_MENU+41, 21, 8, "GrizzlyHillsNightGeneral", 1, 1, @GOSSIP_MENU+41, 0, 0, 0, "Sure about the song?"),
(@GOSSIP_MENU+41, 22, 8, "GrizzlyHillsOpenDay", 1, 1, @GOSSIP_MENU+41, 0, 0, 0, "Sure about the song?"),
(@GOSSIP_MENU+41, 23, 8, "GrizzlyHillsOpenNight", 1, 1, @GOSSIP_MENU+41, 0, 0, 0, "Sure about the song?"),
(@GOSSIP_MENU+41, 24, 8, "Hellfire", 1, 1, @GOSSIP_MENU+41, 0, 0, 0, "Sure about the song?"),
(@GOSSIP_MENU+41, 25, 8, "HowlingFjordColdNightDay", 1, 1, @GOSSIP_MENU+41, 0, 0, 0, "Sure about the song?"),
(@GOSSIP_MENU+41, 26, 4, "Next page", 1, 1, @GOSSIP_MENU+42, 0, 0, 0, ""),
(@GOSSIP_MENU+41, 27, 4, "Back..", 1, 1, @GOSSIP_MENU+40, 0, 0, 0, ""),
(@GOSSIP_MENU+42, 1, 8, "HowlingFjordDay", 1, 1, @GOSSIP_MENU+42, 0, 0, 0, "Sure about the song?"),
(@GOSSIP_MENU+42, 2, 8, "EmberGulch", 1, 1, @GOSSIP_MENU+42, 0, 0, 0, "Sure about the song?"),
(@GOSSIP_MENU+42, 3, 8, "HowlingFjordNight", 1, 1, @GOSSIP_MENU+42, 0, 0, 0, "Sure about the song?"),
(@GOSSIP_MENU+42, 4, 8, "HyjalPastDay", 1, 1, @GOSSIP_MENU+42, 0, 0, 0, "Sure about the song?"),
(@GOSSIP_MENU+42, 5, 8, "HyjalPastNight", 1, 1, @GOSSIP_MENU+42, 0, 0, 0, "Sure about the song?"),
(@GOSSIP_MENU+42, 6, 8, "IceCrownGlacier", 1, 1, @GOSSIP_MENU+42, 0, 0, 0, "Sure about the song?"),
(@GOSSIP_MENU+42, 7, 8, "JungleDay", 1, 1, @GOSSIP_MENU+42, 0, 0, 0, "Sure about the song?"),
(@GOSSIP_MENU+42, 8, 8, "JungleNight", 1, 1, @GOSSIP_MENU+42, 0, 0, 0, "Sure about the song?"),
(@GOSSIP_MENU+42, 9, 8, "LakeWintergraspDay", 1, 1, @GOSSIP_MENU+42, 0, 0, 0, "Sure about the song?"),
(@GOSSIP_MENU+42, 10, 8, "LakeWintergraspNight", 1, 1, @GOSSIP_MENU+42, 0, 0, 0, "Sure about the song?"),
(@GOSSIP_MENU+42, 11, 8, "MarshDay", 1, 1, @GOSSIP_MENU+42, 0, 0, 0, "Sure about the song?"),
(@GOSSIP_MENU+42, 12, 8, "MarshNight", 1, 1, @GOSSIP_MENU+42, 0, 0, 0, "Sure about the song?"),
(@GOSSIP_MENU+42, 13, 8, "NagrandDay", 1, 1, @GOSSIP_MENU+42, 0, 0, 0, "Sure about the song?"),
(@GOSSIP_MENU+42, 14, 8, "NagrandNight", 1, 1, @GOSSIP_MENU+42, 0, 0, 0, "Sure about the song?"),
(@GOSSIP_MENU+42, 15, 8, "NetherStorm1", 1, 1, @GOSSIP_MENU+42, 0, 0, 0, "Sure about the song?"),
(@GOSSIP_MENU+42, 16, 8, "NewHearthglen", 1, 1, @GOSSIP_MENU+42, 0, 0, 0, "Sure about the song?"),
(@GOSSIP_MENU+42, 17, 8, "NothrendCoastDayNight", 1, 1, @GOSSIP_MENU+42, 0, 0, 0, "Sure about the song?"),
(@GOSSIP_MENU+42, 18, 8, "NorthrendScourgeGeneral", 1, 1, @GOSSIP_MENU+42, 0, 0, 0, "Sure about the song?"),
(@GOSSIP_MENU+42, 19, 8, "PlagueLandsDay", 1, 1, @GOSSIP_MENU+42, 0, 0, 0, "Sure about the song?"),
(@GOSSIP_MENU+42, 20, 8, "PlagueLandsNight", 1, 1, @GOSSIP_MENU+42, 0, 0, 0, "Sure about the song?"),
(@GOSSIP_MENU+42, 21, 8, "PlainsDesertDay", 1, 1, @GOSSIP_MENU+42, 0, 0, 0, "Sure about the song?"),
(@GOSSIP_MENU+42, 22, 8, "PlainsDesertNight", 1, 1, @GOSSIP_MENU+42, 0, 0, 0, "Sure about the song?"),
(@GOSSIP_MENU+42, 23, 8, "SaltFlatsDay", 1, 1, @GOSSIP_MENU+42, 0, 0, 0, "Sure about the song?"),
(@GOSSIP_MENU+42, 24, 8, "SaltFlatsNight", 1, 1, @GOSSIP_MENU+42, 0, 0, 0, "Sure about the song?"),
(@GOSSIP_MENU+42, 25, 8, "ScorchLineDay", 1, 1, @GOSSIP_MENU+42, 0, 0, 0, "Sure about the song?"),
(@GOSSIP_MENU+42, 26, 4, "Next page", 1, 1, @GOSSIP_MENU+43, 0, 0, 0, ""),
(@GOSSIP_MENU+42, 27, 4, "Back..", 1, 1, @GOSSIP_MENU+41, 0, 0, 0, ""),
(@GOSSIP_MENU+43, 1, 8, "ScorchLineNight", 1, 1, @GOSSIP_MENU+43, 0, 0, 0, "Sure about the song?"),
(@GOSSIP_MENU+43, 2, 8, "ShadowFang", 1, 1, @GOSSIP_MENU+43, 0, 0, 0, "Sure about the song?"),
(@GOSSIP_MENU+43, 3, 8, "ShadowmoonValley1", 1, 1, @GOSSIP_MENU+43, 0, 0, 0, "Sure about the song?"),
(@GOSSIP_MENU+43, 4, 8, "ShalandisIsle", 1, 1, @GOSSIP_MENU+43, 0, 0, 0, "Sure about the song?"),
(@GOSSIP_MENU+43, 5, 8, "Shattrath", 1, 1, @GOSSIP_MENU+43, 0, 0, 0, "Sure about the song?"),
(@GOSSIP_MENU+43, 6, 8, "SholazarBasinDay", 1, 1, @GOSSIP_MENU+43, 0, 0, 0, "Sure about the song?"),
(@GOSSIP_MENU+43, 7, 8, "SholazarBasinNight", 1, 1, @GOSSIP_MENU+43, 0, 0, 0, "Sure about the song?"),
(@GOSSIP_MENU+43, 8, 8, "SilvermoonRuinsDay", 1, 1, @GOSSIP_MENU+43, 0, 0, 0, "Sure about the song?"),
(@GOSSIP_MENU+43, 9, 8, "SilvermoonRuinsNight", 1, 1, @GOSSIP_MENU+43, 0, 0, 0, "Sure about the song?"),
(@GOSSIP_MENU+43, 10, 8, "StonewroughtDam", 1, 1, @GOSSIP_MENU+43, 0, 0, 0, "Sure about the song?"),
(@GOSSIP_MENU+43, 11, 8, "StormPeaksDayNight", 1, 1, @GOSSIP_MENU+43, 0, 0, 0, "Sure about the song?"),
(@GOSSIP_MENU+43, 12, 8, "TerokkarDay", 1, 1, @GOSSIP_MENU+43, 0, 0, 0, "Sure about the song?"),
(@GOSSIP_MENU+43, 13, 8, "TerokkarNight", 1, 1, @GOSSIP_MENU+43, 0, 0, 0, "Sure about the song?"),
(@GOSSIP_MENU+43, 14, 8, "TheEyeofEternity", 1, 1, @GOSSIP_MENU+43, 0, 0, 0, "Sure about the song?"),
(@GOSSIP_MENU+43, 15, 8, "TheVibrantGlade", 1, 1, @GOSSIP_MENU+43, 0, 0, 0, "Sure about the song?"),
(@GOSSIP_MENU+43, 16, 8, "UlduarRaid_FreyaExt", 1, 1, @GOSSIP_MENU+43, 0, 0, 0, "Sure about the song?"),
(@GOSSIP_MENU+43, 17, 8, "ValianceKeep", 1, 1, @GOSSIP_MENU+43, 0, 0, 0, "Sure about the song?"),
(@GOSSIP_MENU+43, 18, 8, "VolcanicDay", 1, 1, @GOSSIP_MENU+43, 0, 0, 0, "Sure about the song?"),
(@GOSSIP_MENU+43, 19, 8, "VolcanicNight", 1, 1, @GOSSIP_MENU+43, 0, 0, 0, "Sure about the song?"),
(@GOSSIP_MENU+43, 20, 8, "WestfallDay", 1, 1, @GOSSIP_MENU+43, 0, 0, 0, "Sure about the song?"),
(@GOSSIP_MENU+43, 21, 8, "WestfallNight", 1, 1, @GOSSIP_MENU+43, 0, 0, 0, "Sure about the song?"),
(@GOSSIP_MENU+43, 22, 8, "SwampDay", 1, 1, @GOSSIP_MENU+43, 0, 0, 0, "Sure about the song?"),
(@GOSSIP_MENU+43, 23, 8, "SwampNight", 1, 1, @GOSSIP_MENU+43, 0, 0, 0, "Sure about the song?"),
(@GOSSIP_MENU+43, 24, 8, "WhisperGulchNightDay", 1, 1, @GOSSIP_MENU+43, 0, 0, 0, "Sure about the song?"),
(@GOSSIP_MENU+43, 25, 8, "ZangarMarsh1", 1, 1, @GOSSIP_MENU+43, 0, 0, 0, "Sure about the song?"),
(@GOSSIP_MENU+43, 26, 8, "ZangarMarsh2", 1, 1, @GOSSIP_MENU+43, 0, 0, 0, "Sure about the song?"),
(@GOSSIP_MENU+43, 27, 8, "ZangarMarsh3", 1, 1, @GOSSIP_MENU+43, 0, 0, 0, "Sure about the song?"),
(@GOSSIP_MENU+43, 28, 8, "ZulDrakGeneralDay", 1, 1, @GOSSIP_MENU+43, 0, 0, 0, "Sure about the song?"),
(@GOSSIP_MENU+43, 29, 8, "ZulDrakGeneralNight", 1, 1, @GOSSIP_MENU+43, 0, 0, 0, "Sure about the song?"),
(@GOSSIP_MENU+43, 30, 4, "Back..", 1, 1, @GOSSIP_MENU+42, 0, 0, 0, ""),
(@GOSSIP_MENU+44, 1, 8, "Zone-WintergraspCombat", 1, 1, @GOSSIP_MENU+44, 0, 0, 0, "Sure about the song?"),
(@GOSSIP_MENU+44, 2, 8, "Zone-WintergraspContested", 1, 1, @GOSSIP_MENU+44, 0, 0, 0, "Sure about the song?"),
(@GOSSIP_MENU+44, 3, 8, "Zone-UtgardeE", 1, 1, @GOSSIP_MENU+44, 0, 0, 0, "Sure about the song?"),
(@GOSSIP_MENU+44, 4, 8, "Zone-HowlingFjordDay", 1, 1, @GOSSIP_MENU+44, 0, 0, 0, "Sure about the song?"),
(@GOSSIP_MENU+44, 5, 8, "Zone-HowlingFjordNight", 1, 1, @GOSSIP_MENU+44, 0, 0, 0, "Sure about the song?"),
(@GOSSIP_MENU+44, 6, 8, "Momment-BloodmystNaga", 1, 1, @GOSSIP_MENU+44, 0, 0, 0, "Sure about the song?"),
(@GOSSIP_MENU+44, 7, 8, "Intro-BloodmystNaga", 1, 1, @GOSSIP_MENU+44, 0, 0, 0, "Sure about the song?"),
(@GOSSIP_MENU+44, 8, 8, "Zone-BloodmystSatyrWalkingUni", 1, 1, @GOSSIP_MENU+44, 0, 0, 0, "Sure about the song?"),
(@GOSSIP_MENU+44, 9, 8, "Zone-BladesedgeDryForest", 1, 1, @GOSSIP_MENU+44, 0, 0, 0, "Sure about the song?"),
(@GOSSIP_MENU+44, 10, 8, "Zone-BladesEdge", 1, 1, @GOSSIP_MENU+44, 0, 0, 0, "Sure about the song?"),
(@GOSSIP_MENU+44, 11, 8, "Zone-BladesEdge OgreWalking", 1, 1, @GOSSIP_MENU+44, 0, 0, 0, "Sure about the song?"),
(@GOSSIP_MENU+44, 12, 8, "Zone-ZulamanWalkingUni", 1, 1, @GOSSIP_MENU+44, 0, 0, 0, "Sure about the song?"),
(@GOSSIP_MENU+44, 13, 8, "Zone-ZulamanBosses", 1, 1, @GOSSIP_MENU+44, 0, 0, 0, "Sure about the song?"),
(@GOSSIP_MENU+44, 14, 8, "Event_ZulamanCelebration", 1, 1, @GOSSIP_MENU+44, 0, 0, 0, "Sure about the song?"),
(@GOSSIP_MENU+44, 15, 8, "Zone-ZangarmarshCoilfangWalk", 1, 1, @GOSSIP_MENU+44, 0, 0, 0, "Sure about the song?"),
(@GOSSIP_MENU+44, 16, 8, "Zone-ZangarMarsh", 1, 1, @GOSSIP_MENU+44, 0, 0, 0, "Sure about the song?"),
(@GOSSIP_MENU+44, 17, 4, "Back..", 1, 1, @GOSSIP_MENU+33, 0, 0, 0, ""),
(@GOSSIP_MENU+45, 1, 8, "IC_GeneralIntro_01.mp3", 1, 1, @GOSSIP_MENU+45, 0, 0, 0, "Sure about the song?"),
(@GOSSIP_MENU+45, 2, 8, "IC_GeneralWalk_Night04.mp3", 1, 1, @GOSSIP_MENU+45, 0, 0, 0, "Sure about the song?"),
(@GOSSIP_MENU+45, 3, 8, "NR_Dwarf_GeneralWalkA_Day01.mp3", 1, 1, @GOSSIP_MENU+45, 0, 0, 0, "Sure about the song?"),
(@GOSSIP_MENU+45, 4, 8, "NR_Dwarf_GeneralWalkCDark_Uni04.mp3", 1, 1, @GOSSIP_MENU+45, 0, 0, 0, "Sure about the song?"),
(@GOSSIP_MENU+45, 5, 8, "NR_NorthrendTransportGeneralDay.mp3", 1, 1, @GOSSIP_MENU+45, 0, 0, 0, "Sure about the song?"),
(@GOSSIP_MENU+45, 6, 8, "NR_Orc_General_Intro01.mp3", 1, 1, @GOSSIP_MENU+45, 0, 0, 0, "Sure about the song?"),
(@GOSSIP_MENU+45, 7, 8, "NR_Taunka_GeneralWalkA_Day01.mp3", 1, 1, @GOSSIP_MENU+45, 0, 0, 0, "Sure about the song?"),
(@GOSSIP_MENU+45, 8, 8, "NR_Taunka_GeneralWalkE_Uni03.mp3", 1, 1, @GOSSIP_MENU+45, 0, 0, 0, "Sure about the song?"),
(@GOSSIP_MENU+45, 9, 8, "NR_Troll_General01.mp3", 1, 1, @GOSSIP_MENU+45, 0, 0, 0, "Sure about the song?"),
(@GOSSIP_MENU+45, 10, 8, "NZ_NexusActionWalkUni01.mp3", 1, 1, @GOSSIP_MENU+45, 0, 0, 0, "Sure about the song?"),
(@GOSSIP_MENU+45, 11, 8, "NZ_NexusQuietWalkUni02.mp3", 1, 1, @GOSSIP_MENU+45, 0, 0, 0, "Sure about the song?"),
(@GOSSIP_MENU+45, 12, 8, "SB_CrystalsWalkUni01.mp3", 1, 1, @GOSSIP_MENU+45, 0, 0, 0, "Sure about the song?"),
(@GOSSIP_MENU+45, 13, 8, "SB_MakersTerraceWalkUni02.mp3", 1, 1, @GOSSIP_MENU+45, 0, 0, 0, "Sure about the song?"),
(@GOSSIP_MENU+45, 14, 8, "SB_SholazarWalkNight02.mp3", 1, 1, @GOSSIP_MENU+45, 0, 0, 0, "Sure about the song?"),
(@GOSSIP_MENU+45, 15, 8, "SP_GeneralWalkA_Day01.mp3", 1, 1, @GOSSIP_MENU+45, 0, 0, 0, "Sure about the song?"),
(@GOSSIP_MENU+45, 16, 8, "SP_GeneralWalkD_Night04.mp3", 1, 1, @GOSSIP_MENU+45, 0, 0, 0, "Sure about the song?"),
(@GOSSIP_MENU+45, 17, 8, "SP_TempleOfStormsActionUni01.mp3", 1, 1, @GOSSIP_MENU+45, 0, 0, 0, "Sure about the song?"),
(@GOSSIP_MENU+45, 18, 8, "tempmono.wav", 1, 1, @GOSSIP_MENU+45, 0, 0, 0, "Sure about the song?"),
(@GOSSIP_MENU+45, 19, 8, "UK_GeneralWalkUni01.mp3", 1, 1, @GOSSIP_MENU+45, 0, 0, 0, "Sure about the song?"),
(@GOSSIP_MENU+45, 20, 8, "UL_LightningBattleWalk.mp3", 1, 1, @GOSSIP_MENU+45, 0, 0, 0, "Sure about the song?"),
(@GOSSIP_MENU+45, 21, 8, "VH_GeneralWalkUni01.mp3", 1, 1, @GOSSIP_MENU+45, 0, 0, 0, "Sure about the song?"),
(@GOSSIP_MENU+45, 22, 8, "WG_Contested_01.mp3", 1, 1, @GOSSIP_MENU+45, 0, 0, 0, "Sure about the song?"),
(@GOSSIP_MENU+45, 23, 8, "ZD_GeneralIntro_01.mp3", 1, 1, @GOSSIP_MENU+45, 0, 0, 0, "Sure about the song?"),
(@GOSSIP_MENU+45, 24, 8, "ZD_GeneralWalk_Night01.mp3", 1, 1, @GOSSIP_MENU+45, 0, 0, 0, "Sure about the song?"),
(@GOSSIP_MENU+45, 25, 8, "ZD_Rhunok_Intro01.mp3", 1, 1, @GOSSIP_MENU+45, 0, 0, 0, "Sure about the song?"),
(@GOSSIP_MENU+45, 26, 4, "Back..", 1, 1, @GOSSIP_MENU+34, 0, 0, 0, "");


INSERT INTO smart_scripts (entryorguid, source_type, id, link, event_type, event_phase_mask, event_chance, event_flags, event_param1, event_param2, event_param3, event_param4, action_type, action_param1, action_param2, action_param3, action_param4, action_param5, action_param6, target_type, target_param1, target_param2, target_param3, target_x, target_y, target_z, target_o, comment) VALUES
(@ENTRY, 0, 1, 0, 62, 0, 100, 0, @GOSSIP_MENU+45, 1, 0, 0, 4, 14863, 1, 0, 0, 0, 0, 7, 0, 0, 0, 0, 0, 0, 0, "Jukebox script"),
(@ENTRY, 0, 2, 0, 62, 0, 100, 0, @GOSSIP_MENU+44, 1, 0, 0, 4, 14869, 1, 0, 0, 0, 0, 7, 0, 0, 0, 0, 0, 0, 0, "Jukebox script"),
(@ENTRY, 0, 3, 0, 62, 0, 100, 0, @GOSSIP_MENU+34, 1, 0, 0, 4, 14829, 1, 0, 0, 0, 0, 7, 0, 0, 0, 0, 0, 0, 0, "Jukebox script"),
(@ENTRY, 0, 4, 0, 62, 0, 100, 0, @GOSSIP_MENU+33, 1, 0, 0, 4, 15064, 1, 0, 0, 0, 0, 7, 0, 0, 0, 0, 0, 0, 0, "Jukebox script"),
(@ENTRY, 0, 5, 0, 62, 0, 100, 0, @GOSSIP_MENU+42, 1, 0, 0, 4, 11838, 1, 0, 0, 0, 0, 7, 0, 0, 0, 0, 0, 0, 0, "Jukebox script"),
(@ENTRY, 0, 6, 0, 62, 0, 100, 0, @GOSSIP_MENU+43, 1, 0, 0, 4, 8696, 1, 0, 0, 0, 0, 7, 0, 0, 0, 0, 0, 0, 0, "Jukebox script"),
(@ENTRY, 0, 7, 0, 62, 0, 100, 0, @GOSSIP_MENU+41, 1, 0, 0, 4, 4176, 1, 0, 0, 0, 0, 7, 0, 0, 0, 0, 0, 0, 0, "Jukebox script"),
(@ENTRY, 0, 8, 0, 62, 0, 100, 0, @GOSSIP_MENU+40, 1, 0, 0, 4, 13113, 1, 0, 0, 0, 0, 7, 0, 0, 0, 0, 0, 0, 0, "Jukebox script"),
(@ENTRY, 0, 9, 0, 62, 0, 100, 0, @GOSSIP_MENU+32, 1, 0, 0, 4, 8670, 1, 0, 0, 0, 0, 7, 0, 0, 0, 0, 0, 0, 0, "Jukebox script"),
(@ENTRY, 0, 10, 0, 62, 0, 100, 0, @GOSSIP_MENU+31, 1, 0, 0, 4, 12924, 1, 0, 0, 0, 0, 7, 0, 0, 0, 0, 0, 0, 0, "Jukebox script"),
(@ENTRY, 0, 11, 0, 62, 0, 100, 0, @GOSSIP_MENU+30, 1, 0, 0, 4, 13806, 1, 0, 0, 0, 0, 7, 0, 0, 0, 0, 0, 0, 0, "Jukebox script"),
(@ENTRY, 0, 12, 0, 62, 0, 100, 0, @GOSSIP_MENU+29, 1, 0, 0, 4, 15050, 1, 0, 0, 0, 0, 7, 0, 0, 0, 0, 0, 0, 0, "Jukebox script"),
(@ENTRY, 0, 13, 0, 62, 0, 100, 0, @GOSSIP_MENU+28, 1, 0, 0, 4, 8531, 1, 0, 0, 0, 0, 7, 0, 0, 0, 0, 0, 0, 0, "Jukebox script"),
(@ENTRY, 0, 14, 0, 62, 0, 100, 0, @GOSSIP_MENU+27, 1, 0, 0, 4, 15127, 1, 0, 0, 0, 0, 7, 0, 0, 0, 0, 0, 0, 0, "Jukebox script"),
(@ENTRY, 0, 15, 0, 62, 0, 100, 0, @GOSSIP_MENU+26, 1, 0, 0, 4, 11770, 1, 0, 0, 0, 0, 7, 0, 0, 0, 0, 0, 0, 0, "Jukebox script"),
(@ENTRY, 0, 16, 0, 62, 0, 100, 0, @GOSSIP_MENU+25, 1, 0, 0, 4, 7474, 1, 0, 0, 0, 0, 7, 0, 0, 0, 0, 0, 0, 0, "Jukebox script"),
(@ENTRY, 0, 17, 0, 62, 0, 100, 0, @GOSSIP_MENU+24, 1, 0, 0, 4, 11709, 1, 0, 0, 0, 0, 7, 0, 0, 0, 0, 0, 0, 0, "Jukebox script"),
(@ENTRY, 0, 18, 0, 62, 0, 100, 0, @GOSSIP_MENU+23, 1, 0, 0, 4, 14958, 1, 0, 0, 0, 0, 7, 0, 0, 0, 0, 0, 0, 0, "Jukebox script"),
(@ENTRY, 0, 19, 0, 62, 0, 100, 0, @GOSSIP_MENU+22, 1, 0, 0, 4, 10773, 1, 0, 0, 0, 0, 7, 0, 0, 0, 0, 0, 0, 0, "Jukebox script"),
(@ENTRY, 0, 20, 0, 62, 0, 100, 0, @GOSSIP_MENU+21, 1, 0, 0, 4, 15077, 1, 0, 0, 0, 0, 7, 0, 0, 0, 0, 0, 0, 0, "Jukebox script"),
(@ENTRY, 0, 21, 0, 62, 0, 100, 0, @GOSSIP_MENU+20, 1, 0, 0, 4, 8014, 1, 0, 0, 0, 0, 7, 0, 0, 0, 0, 0, 0, 0, "Jukebox script"),
(@ENTRY, 0, 22, 0, 62, 0, 100, 0, @GOSSIP_MENU+19, 1, 0, 0, 4, 14906, 1, 0, 0, 0, 0, 7, 0, 0, 0, 0, 0, 0, 0, "Jukebox script"),
(@ENTRY, 0, 23, 0, 62, 0, 100, 0, @GOSSIP_MENU+18, 1, 0, 0, 4, 15123, 1, 0, 0, 0, 0, 7, 0, 0, 0, 0, 0, 0, 0, "Jukebox script"),
(@ENTRY, 0, 24, 0, 62, 0, 100, 0, @GOSSIP_MENU+17, 1, 0, 0, 4, 9795, 1, 0, 0, 0, 0, 7, 0, 0, 0, 0, 0, 0, 0, "Jukebox script"),
(@ENTRY, 0, 25, 0, 62, 0, 100, 0, @GOSSIP_MENU+16, 1, 0, 0, 4, 10857, 1, 0, 0, 0, 0, 7, 0, 0, 0, 0, 0, 0, 0, "Jukebox script"),
(@ENTRY, 0, 26, 0, 62, 0, 100, 0, @GOSSIP_MENU+15, 1, 0, 0, 4, 12816, 1, 0, 0, 0, 0, 7, 0, 0, 0, 0, 0, 0, 0, "Jukebox script"),
(@ENTRY, 0, 27, 0, 62, 0, 100, 0, @GOSSIP_MENU+14, 1, 0, 0, 4, 12162, 1, 0, 0, 0, 0, 7, 0, 0, 0, 0, 0, 0, 0, "Jukebox script"),
(@ENTRY, 0, 28, 0, 62, 0, 100, 0, @GOSSIP_MENU+13, 1, 0, 0, 4, 8888, 1, 0, 0, 0, 0, 7, 0, 0, 0, 0, 0, 0, 0, "Jukebox script"),
(@ENTRY, 0, 29, 0, 62, 0, 100, 0, @GOSSIP_MENU+12, 1, 0, 0, 4, 15048, 1, 0, 0, 0, 0, 7, 0, 0, 0, 0, 0, 0, 0, "Jukebox script"),
(@ENTRY, 0, 30, 0, 62, 0, 100, 0, @GOSSIP_MENU+11, 1, 0, 0, 4, 10729, 1, 0, 0, 0, 0, 7, 0, 0, 0, 0, 0, 0, 0, "Jukebox script"),
(@ENTRY, 0, 31, 0, 62, 0, 100, 0, @GOSSIP_MENU+10, 1, 0, 0, 4, 14898, 1, 0, 0, 0, 0, 7, 0, 0, 0, 0, 0, 0, 0, "Jukebox script"),
(@ENTRY, 0, 32, 0, 62, 0, 100, 0, @GOSSIP_MENU+9, 1, 0, 0, 4, 14929, 1, 0, 0, 0, 0, 7, 0, 0, 0, 0, 0, 0, 0, "Jukebox script"),
(@ENTRY, 0, 33, 0, 62, 0, 100, 0, @GOSSIP_MENU+8, 1, 0, 0, 4, 12530, 1, 0, 0, 0, 0, 7, 0, 0, 0, 0, 0, 0, 0, "Jukebox script"),
(@ENTRY, 0, 34, 0, 62, 0, 100, 0, @GOSSIP_MENU+7, 1, 0, 0, 4, 2525, 1, 0, 0, 0, 0, 7, 0, 0, 0, 0, 0, 0, 0, "Jukebox script"),
(@ENTRY, 0, 35, 0, 62, 0, 100, 0, @GOSSIP_MENU+38, 1, 0, 0, 4, 5334, 1, 0, 0, 0, 0, 7, 0, 0, 0, 0, 0, 0, 0, "Jukebox script"),
(@ENTRY, 0, 36, 0, 62, 0, 100, 0, @GOSSIP_MENU+6, 1, 0, 0, 4, 5074, 1, 0, 0, 0, 0, 7, 0, 0, 0, 0, 0, 0, 0, "Jukebox script"),
(@ENTRY, 0, 37, 0, 62, 0, 100, 0, @GOSSIP_MENU+5, 1, 0, 0, 4, 8493, 1, 0, 0, 0, 0, 7, 0, 0, 0, 0, 0, 0, 0, "Jukebox script"),
(@ENTRY, 0, 38, 0, 62, 0, 100, 0, @GOSSIP_MENU+4, 1, 0, 0, 4, 11803, 1, 0, 0, 0, 0, 7, 0, 0, 0, 0, 0, 0, 0, "Jukebox script"),
(@ENTRY, 0, 39, 0, 62, 0, 100, 0, @GOSSIP_MENU+3, 1, 0, 0, 4, 15852, 1, 0, 0, 0, 0, 7, 0, 0, 0, 0, 0, 0, 0, "Jukebox script"),
(@ENTRY, 0, 40, 0, 62, 0, 100, 0, @GOSSIP_MENU+37, 1, 0, 0, 4, 17284, 1, 0, 0, 0, 0, 7, 0, 0, 0, 0, 0, 0, 0, "Jukebox script"),
(@ENTRY, 0, 41, 0, 62, 0, 100, 0, @GOSSIP_MENU+2, 1, 0, 0, 4, 13803, 1, 0, 0, 0, 0, 7, 0, 0, 0, 0, 0, 0, 0, "Jukebox script"),
(@ENTRY, 0, 42, 0, 62, 0, 100, 0, @GOSSIP_MENU+1, 1, 0, 0, 4, 14939, 1, 0, 0, 0, 0, 7, 0, 0, 0, 0, 0, 0, 0, "Jukebox script"),
(@ENTRY, 0, 43, 0, 62, 0, 100, 0, @GOSSIP_MENU+45, 2, 0, 0, 4, 14864, 1, 0, 0, 0, 0, 7, 0, 0, 0, 0, 0, 0, 0, "Jukebox script"),
(@ENTRY, 0, 44, 0, 62, 0, 100, 0, @GOSSIP_MENU+44, 2, 0, 0, 4, 14912, 1, 0, 0, 0, 0, 7, 0, 0, 0, 0, 0, 0, 0, "Jukebox script"),
(@ENTRY, 0, 45, 0, 62, 0, 100, 0, @GOSSIP_MENU+34, 2, 0, 0, 4, 14830, 1, 0, 0, 0, 0, 7, 0, 0, 0, 0, 0, 0, 0, "Jukebox script"),
(@ENTRY, 0, 46, 0, 62, 0, 100, 0, @GOSSIP_MENU+33, 2, 0, 0, 4, 15067, 1, 0, 0, 0, 0, 7, 0, 0, 0, 0, 0, 0, 0, "Jukebox script"),
(@ENTRY, 0, 47, 0, 62, 0, 100, 0, @GOSSIP_MENU+42, 2, 0, 0, 4, 11878, 1, 0, 0, 0, 0, 7, 0, 0, 0, 0, 0, 0, 0, "Jukebox script"),
(@ENTRY, 0, 48, 0, 62, 0, 100, 0, @GOSSIP_MENU+43, 2, 0, 0, 4, 4221, 1, 0, 0, 0, 0, 7, 0, 0, 0, 0, 0, 0, 0, "Jukebox script"),
(@ENTRY, 0, 49, 0, 62, 0, 100, 0, @GOSSIP_MENU+41, 2, 0, 0, 4, 4177, 1, 0, 0, 0, 0, 7, 0, 0, 0, 0, 0, 0, 0, "Jukebox script"),
(@ENTRY, 0, 50, 0, 62, 0, 100, 0, @GOSSIP_MENU+40, 2, 0, 0, 4, 13316, 1, 0, 0, 0, 0, 7, 0, 0, 0, 0, 0, 0, 0, "Jukebox script"),
(@ENTRY, 0, 51, 0, 62, 0, 100, 0, @GOSSIP_MENU+32, 2, 0, 0, 4, 8530, 1, 0, 0, 0, 0, 7, 0, 0, 0, 0, 0, 0, 0, "Jukebox script"),
(@ENTRY, 0, 52, 0, 62, 0, 100, 0, @GOSSIP_MENU+31, 2, 0, 0, 4, 15925, 1, 0, 0, 0, 0, 7, 0, 0, 0, 0, 0, 0, 0, "Jukebox script"),
(@ENTRY, 0, 53, 0, 62, 0, 100, 0, @GOSSIP_MENU+30, 2, 0, 0, 4, 13804, 1, 0, 0, 0, 0, 7, 0, 0, 0, 0, 0, 0, 0, "Jukebox script"),
(@ENTRY, 0, 54, 0, 62, 0, 100, 0, @GOSSIP_MENU+29, 2, 0, 0, 4, 11703, 1, 0, 0, 0, 0, 7, 0, 0, 0, 0, 0, 0, 0, "Jukebox script"),
(@ENTRY, 0, 55, 0, 62, 0, 100, 0, @GOSSIP_MENU+28, 2, 0, 0, 4, 8563, 1, 0, 0, 0, 0, 7, 0, 0, 0, 0, 0, 0, 0, "Jukebox script"),
(@ENTRY, 0, 56, 0, 62, 0, 100, 0, @GOSSIP_MENU+27, 2, 0, 0, 4, 15096, 1, 0, 0, 0, 0, 7, 0, 0, 0, 0, 0, 0, 0, "Jukebox script"),
(@ENTRY, 0, 57, 0, 62, 0, 100, 0, @GOSSIP_MENU+26, 2, 0, 0, 4, 10898, 1, 0, 0, 0, 0, 7, 0, 0, 0, 0, 0, 0, 0, "Jukebox script"),
(@ENTRY, 0, 58, 0, 62, 0, 100, 0, @GOSSIP_MENU+25, 2, 0, 0, 4, 2526, 1, 0, 0, 0, 0, 7, 0, 0, 0, 0, 0, 0, 0, "Jukebox script"),
(@ENTRY, 0, 59, 0, 62, 0, 100, 0, @GOSSIP_MENU+24, 2, 0, 0, 4, 11696, 1, 0, 0, 0, 0, 7, 0, 0, 0, 0, 0, 0, 0, "Jukebox script"),
(@ENTRY, 0, 60, 0, 62, 0, 100, 0, @GOSSIP_MENU+23, 2, 0, 0, 4, 12746, 1, 0, 0, 0, 0, 7, 0, 0, 0, 0, 0, 0, 0, "Jukebox script"),
(@ENTRY, 0, 61, 0, 62, 0, 100, 0, @GOSSIP_MENU+22, 2, 0, 0, 4, 10900, 1, 0, 0, 0, 0, 7, 0, 0, 0, 0, 0, 0, 0, "Jukebox script"),
(@ENTRY, 0, 62, 0, 62, 0, 100, 0, @GOSSIP_MENU+21, 2, 0, 0, 4, 15078, 1, 0, 0, 0, 0, 7, 0, 0, 0, 0, 0, 0, 0, "Jukebox script"),
(@ENTRY, 0, 63, 0, 62, 0, 100, 0, @GOSSIP_MENU+20, 2, 0, 0, 4, 5455, 1, 0, 0, 0, 0, 7, 0, 0, 0, 0, 0, 0, 0, "Jukebox script"),
(@ENTRY, 0, 64, 0, 62, 0, 100, 0, @GOSSIP_MENU+19, 2, 0, 0, 4, 14907, 1, 0, 0, 0, 0, 7, 0, 0, 0, 0, 0, 0, 0, "Jukebox script"),
(@ENTRY, 0, 65, 0, 62, 0, 100, 0, @GOSSIP_MENU+18, 2, 0, 0, 4, 12744, 1, 0, 0, 0, 0, 7, 0, 0, 0, 0, 0, 0, 0, "Jukebox script"),
(@ENTRY, 0, 66, 0, 62, 0, 100, 0, @GOSSIP_MENU+17, 2, 0, 0, 4, 9796, 1, 0, 0, 0, 0, 7, 0, 0, 0, 0, 0, 0, 0, "Jukebox script"),
(@ENTRY, 0, 67, 0, 62, 0, 100, 0, @GOSSIP_MENU+16, 2, 0, 0, 4, 10869, 1, 0, 0, 0, 0, 7, 0, 0, 0, 0, 0, 0, 0, "Jukebox script"),
(@ENTRY, 0, 68, 0, 62, 0, 100, 0, @GOSSIP_MENU+15, 2, 0, 0, 4, 12817, 1, 0, 0, 0, 0, 7, 0, 0, 0, 0, 0, 0, 0, "Jukebox script"),
(@ENTRY, 0, 69, 0, 62, 0, 100, 0, @GOSSIP_MENU+14, 2, 0, 0, 4, 12157, 1, 0, 0, 0, 0, 7, 0, 0, 0, 0, 0, 0, 0, "Jukebox script"),
(@ENTRY, 0, 70, 0, 62, 0, 100, 0, @GOSSIP_MENU+13, 2, 0, 0, 4, 8883, 1, 0, 0, 0, 0, 7, 0, 0, 0, 0, 0, 0, 0, "Jukebox script"),
(@ENTRY, 0, 71, 0, 62, 0, 100, 0, @GOSSIP_MENU+12, 2, 0, 0, 4, 15091, 1, 0, 0, 0, 0, 7, 0, 0, 0, 0, 0, 0, 0, "Jukebox script"),
(@ENTRY, 0, 72, 0, 62, 0, 100, 0, @GOSSIP_MENU+11, 2, 0, 0, 4, 9991, 1, 0, 0, 0, 0, 7, 0, 0, 0, 0, 0, 0, 0, "Jukebox script"),
(@ENTRY, 0, 73, 0, 62, 0, 100, 0, @GOSSIP_MENU+10, 2, 0, 0, 4, 14897, 1, 0, 0, 0, 0, 7, 0, 0, 0, 0, 0, 0, 0, "Jukebox script"),
(@ENTRY, 0, 74, 0, 62, 0, 100, 0, @GOSSIP_MENU+9, 2, 0, 0, 4, 14928, 1, 0, 0, 0, 0, 7, 0, 0, 0, 0, 0, 0, 0, "Jukebox script"),
(@ENTRY, 0, 75, 0, 62, 0, 100, 0, @GOSSIP_MENU+8, 2, 0, 0, 4, 12531, 1, 0, 0, 0, 0, 7, 0, 0, 0, 0, 0, 0, 0, "Jukebox script"),
(@ENTRY, 0, 76, 0, 62, 0, 100, 0, @GOSSIP_MENU+7, 2, 0, 0, 4, 2535, 1, 0, 0, 0, 0, 7, 0, 0, 0, 0, 0, 0, 0, "Jukebox script"),
(@ENTRY, 0, 77, 0, 62, 0, 100, 0, @GOSSIP_MENU+38, 2, 0, 0, 4, 7318, 1, 0, 0, 0, 0, 7, 0, 0, 0, 0, 0, 0, 0, "Jukebox script"),
(@ENTRY, 0, 78, 0, 62, 0, 100, 0, @GOSSIP_MENU+6, 2, 0, 0, 4, 6080, 1, 0, 0, 0, 0, 7, 0, 0, 0, 0, 0, 0, 0, "Jukebox script"),
(@ENTRY, 0, 79, 0, 62, 0, 100, 0, @GOSSIP_MENU+5, 2, 0, 0, 4, 6669, 1, 0, 0, 0, 0, 7, 0, 0, 0, 0, 0, 0, 0, "Jukebox script"),
(@ENTRY, 0, 80, 0, 62, 0, 100, 0, @GOSSIP_MENU+4, 2, 0, 0, 4, 11810, 1, 0, 0, 0, 0, 7, 0, 0, 0, 0, 0, 0, 0, "Jukebox script"),
(@ENTRY, 0, 81, 0, 62, 0, 100, 0, @GOSSIP_MENU+3, 2, 0, 0, 4, 15853, 1, 0, 0, 0, 0, 7, 0, 0, 0, 0, 0, 0, 0, "Jukebox script"),
(@ENTRY, 0, 82, 0, 62, 0, 100, 0, @GOSSIP_MENU+37, 2, 0, 0, 4, 17309, 1, 0, 0, 0, 0, 7, 0, 0, 0, 0, 0, 0, 0, "Jukebox script"),
(@ENTRY, 0, 83, 0, 62, 0, 100, 0, @GOSSIP_MENU+2, 2, 0, 0, 4, 13801, 1, 0, 0, 0, 0, 7, 0, 0, 0, 0, 0, 0, 0, "Jukebox script"),
(@ENTRY, 0, 84, 0, 62, 0, 100, 0, @GOSSIP_MENU+1, 2, 0, 0, 4, 14942, 1, 0, 0, 0, 0, 7, 0, 0, 0, 0, 0, 0, 0, "Jukebox script"),
(@ENTRY, 0, 85, 0, 62, 0, 100, 0, @GOSSIP_MENU+45, 3, 0, 0, 4, 14832, 1, 0, 0, 0, 0, 7, 0, 0, 0, 0, 0, 0, 0, "Jukebox script"),
(@ENTRY, 0, 86, 0, 62, 0, 100, 0, @GOSSIP_MENU+44, 3, 0, 0, 4, 15066, 1, 0, 0, 0, 0, 7, 0, 0, 0, 0, 0, 0, 0, "Jukebox script"),
(@ENTRY, 0, 87, 0, 62, 0, 100, 0, @GOSSIP_MENU+34, 3, 0, 0, 4, 14831, 1, 0, 0, 0, 0, 7, 0, 0, 0, 0, 0, 0, 0, "Jukebox script"),
(@ENTRY, 0, 88, 0, 62, 0, 100, 0, @GOSSIP_MENU+33, 3, 0, 0, 4, 15063, 1, 0, 0, 0, 0, 7, 0, 0, 0, 0, 0, 0, 0, "Jukebox script"),
(@ENTRY, 0, 89, 0, 62, 0, 100, 0, @GOSSIP_MENU+42, 3, 0, 0, 4, 11839, 1, 0, 0, 0, 0, 7, 0, 0, 0, 0, 0, 0, 0, "Jukebox script"),
(@ENTRY, 0, 90, 0, 62, 0, 100, 0, @GOSSIP_MENU+43, 3, 0, 0, 4, 10000, 1, 0, 0, 0, 0, 7, 0, 0, 0, 0, 0, 0, 0, "Jukebox script"),
(@ENTRY, 0, 91, 0, 62, 0, 100, 0, @GOSSIP_MENU+41, 3, 0, 0, 4, 4183, 1, 0, 0, 0, 0, 7, 0, 0, 0, 0, 0, 0, 0, "Jukebox script"),
(@ENTRY, 0, 92, 0, 62, 0, 100, 0, @GOSSIP_MENU+40, 3, 0, 0, 4, 13317, 1, 0, 0, 0, 0, 7, 0, 0, 0, 0, 0, 0, 0, "Jukebox script"),
(@ENTRY, 0, 93, 0, 62, 0, 100, 0, @GOSSIP_MENU+32, 3, 0, 0, 4, 9051, 1, 0, 0, 0, 0, 7, 0, 0, 0, 0, 0, 0, 0, "Jukebox script"),
(@ENTRY, 0, 94, 0, 62, 0, 100, 0, @GOSSIP_MENU+31, 3, 0, 0, 4, 8535, 1, 0, 0, 0, 0, 7, 0, 0, 0, 0, 0, 0, 0, "Jukebox script"),
(@ENTRY, 0, 95, 0, 62, 0, 100, 0, @GOSSIP_MENU+30, 3, 0, 0, 4, 13805, 1, 0, 0, 0, 0, 7, 0, 0, 0, 0, 0, 0, 0, "Jukebox script"),
(@ENTRY, 0, 96, 0, 62, 0, 100, 0, @GOSSIP_MENU+29, 3, 0, 0, 4, 11697, 1, 0, 0, 0, 0, 7, 0, 0, 0, 0, 0, 0, 0, "Jukebox script"),
(@ENTRY, 0, 97, 0, 62, 0, 100, 0, @GOSSIP_MENU+28, 3, 0, 0, 4, 8579, 1, 0, 0, 0, 0, 7, 0, 0, 0, 0, 0, 0, 0, "Jukebox script"),
(@ENTRY, 0, 98, 0, 62, 0, 100, 0, @GOSSIP_MENU+27, 3, 0, 0, 4, 15098, 1, 0, 0, 0, 0, 7, 0, 0, 0, 0, 0, 0, 0, "Jukebox script"),
(@ENTRY, 0, 99, 0, 62, 0, 100, 0, @GOSSIP_MENU+26, 3, 0, 0, 4, 9971, 1, 0, 0, 0, 0, 7, 0, 0, 0, 0, 0, 0, 0, "Jukebox script"),
(@ENTRY, 0, 100, 0, 62, 0, 100, 0, @GOSSIP_MENU+25, 3, 0, 0, 4, 2536, 1, 0, 0, 0, 0, 7, 0, 0, 0, 0, 0, 0, 0, "Jukebox script"),
(@ENTRY, 0, 101, 0, 62, 0, 100, 0, @GOSSIP_MENU+24, 3, 0, 0, 4, 11699, 1, 0, 0, 0, 0, 7, 0, 0, 0, 0, 0, 0, 0, "Jukebox script"),
(@ENTRY, 0, 102, 0, 62, 0, 100, 0, @GOSSIP_MENU+23, 3, 0, 0, 4, 15049, 1, 0, 0, 0, 0, 7, 0, 0, 0, 0, 0, 0, 0, "Jukebox script"),
(@ENTRY, 0, 103, 0, 62, 0, 100, 0, @GOSSIP_MENU+22, 3, 0, 0, 4, 10764, 1, 0, 0, 0, 0, 7, 0, 0, 0, 0, 0, 0, 0, "Jukebox script"),
(@ENTRY, 0, 104, 0, 62, 0, 100, 0, @GOSSIP_MENU+21, 3, 0, 0, 4, 15075, 1, 0, 0, 0, 0, 7, 0, 0, 0, 0, 0, 0, 0, "Jukebox script"),
(@ENTRY, 0, 105, 0, 62, 0, 100, 0, @GOSSIP_MENU+20, 3, 0, 0, 4, 5456, 1, 0, 0, 0, 0, 7, 0, 0, 0, 0, 0, 0, 0, "Jukebox script"),
(@ENTRY, 0, 106, 0, 62, 0, 100, 0, @GOSSIP_MENU+19, 3, 0, 0, 4, 14908, 1, 0, 0, 0, 0, 7, 0, 0, 0, 0, 0, 0, 0, "Jukebox script"),
(@ENTRY, 0, 107, 0, 62, 0, 100, 0, @GOSSIP_MENU+18, 3, 0, 0, 4, 12745, 1, 0, 0, 0, 0, 7, 0, 0, 0, 0, 0, 0, 0, "Jukebox script"),
(@ENTRY, 0, 108, 0, 62, 0, 100, 0, @GOSSIP_MENU+17, 3, 0, 0, 4, 9797, 1, 0, 0, 0, 0, 7, 0, 0, 0, 0, 0, 0, 0, "Jukebox script"),
(@ENTRY, 0, 109, 0, 62, 0, 100, 0, @GOSSIP_MENU+16, 3, 0, 0, 4, 9803, 1, 0, 0, 0, 0, 7, 0, 0, 0, 0, 0, 0, 0, "Jukebox script"),
(@ENTRY, 0, 110, 0, 62, 0, 100, 0, @GOSSIP_MENU+15, 3, 0, 0, 4, 15035, 1, 0, 0, 0, 0, 7, 0, 0, 0, 0, 0, 0, 0, "Jukebox script"),
(@ENTRY, 0, 111, 0, 62, 0, 100, 0, @GOSSIP_MENU+14, 3, 0, 0, 4, 12156, 1, 0, 0, 0, 0, 7, 0, 0, 0, 0, 0, 0, 0, "Jukebox script"),
(@ENTRY, 0, 112, 0, 62, 0, 100, 0, @GOSSIP_MENU+13, 3, 0, 0, 4, 8890, 1, 0, 0, 0, 0, 7, 0, 0, 0, 0, 0, 0, 0, "Jukebox script"),
(@ENTRY, 0, 113, 0, 62, 0, 100, 0, @GOSSIP_MENU+12, 3, 0, 0, 4, 12802, 1, 0, 0, 0, 0, 7, 0, 0, 0, 0, 0, 0, 0, "Jukebox script"),
(@ENTRY, 0, 114, 0, 62, 0, 100, 0, @GOSSIP_MENU+11, 3, 0, 0, 4, 9150, 1, 0, 0, 0, 0, 7, 0, 0, 0, 0, 0, 0, 0, "Jukebox script"),
(@ENTRY, 0, 115, 0, 62, 0, 100, 0, @GOSSIP_MENU+10, 3, 0, 0, 4, 14904, 1, 0, 0, 0, 0, 7, 0, 0, 0, 0, 0, 0, 0, "Jukebox script"),
(@ENTRY, 0, 116, 0, 62, 0, 100, 0, @GOSSIP_MENU+9, 3, 0, 0, 4, 14926, 1, 0, 0, 0, 0, 7, 0, 0, 0, 0, 0, 0, 0, "Jukebox script"),
(@ENTRY, 0, 117, 0, 62, 0, 100, 0, @GOSSIP_MENU+8, 3, 0, 0, 4, 12539, 1, 0, 0, 0, 0, 7, 0, 0, 0, 0, 0, 0, 0, "Jukebox script"),
(@ENTRY, 0, 118, 0, 62, 0, 100, 0, @GOSSIP_MENU+7, 3, 0, 0, 4, 2527, 1, 0, 0, 0, 0, 7, 0, 0, 0, 0, 0, 0, 0, "Jukebox script"),
(@ENTRY, 0, 119, 0, 62, 0, 100, 0, @GOSSIP_MENU+38, 3, 0, 0, 4, 7319, 1, 0, 0, 0, 0, 7, 0, 0, 0, 0, 0, 0, 0, "Jukebox script"),
(@ENTRY, 0, 120, 0, 62, 0, 100, 0, @GOSSIP_MENU+6, 3, 0, 0, 4, 7076, 1, 0, 0, 0, 0, 7, 0, 0, 0, 0, 0, 0, 0, "Jukebox script"),
(@ENTRY, 0, 121, 0, 62, 0, 100, 0, @GOSSIP_MENU+5, 3, 0, 0, 4, 9008, 1, 0, 0, 0, 0, 7, 0, 0, 0, 0, 0, 0, 0, "Jukebox script"),
(@ENTRY, 0, 122, 0, 62, 0, 100, 0, @GOSSIP_MENU+4, 3, 0, 0, 4, 11812, 1, 0, 0, 0, 0, 7, 0, 0, 0, 0, 0, 0, 0, "Jukebox script"),
(@ENTRY, 0, 123, 0, 62, 0, 100, 0, @GOSSIP_MENU+3, 3, 0, 0, 4, 15850, 1, 0, 0, 0, 0, 7, 0, 0, 0, 0, 0, 0, 0, "Jukebox script"),
(@ENTRY, 0, 124, 0, 62, 0, 100, 0, @GOSSIP_MENU+37, 3, 0, 0, 4, 17310, 1, 0, 0, 0, 0, 7, 0, 0, 0, 0, 0, 0, 0, "Jukebox script"),
(@ENTRY, 0, 125, 0, 62, 0, 100, 0, @GOSSIP_MENU+2, 3, 0, 0, 4, 13802, 1, 0, 0, 0, 0, 7, 0, 0, 0, 0, 0, 0, 0, "Jukebox script"),
(@ENTRY, 0, 126, 0, 62, 0, 100, 0, @GOSSIP_MENU+1, 3, 0, 0, 4, 14945, 1, 0, 0, 0, 0, 7, 0, 0, 0, 0, 0, 0, 0, "Jukebox script"),
(@ENTRY, 0, 127, 0, 62, 0, 100, 0, @GOSSIP_MENU+45, 4, 0, 0, 4, 14833, 1, 0, 0, 0, 0, 7, 0, 0, 0, 0, 0, 0, 0, "Jukebox script"),
(@ENTRY, 0, 128, 0, 62, 0, 100, 0, @GOSSIP_MENU+44, 4, 0, 0, 4, 12800, 1, 0, 0, 0, 0, 7, 0, 0, 0, 0, 0, 0, 0, "Jukebox script"),
(@ENTRY, 0, 129, 0, 62, 0, 100, 0, @GOSSIP_MENU+34, 4, 0, 0, 4, 14835, 1, 0, 0, 0, 0, 7, 0, 0, 0, 0, 0, 0, 0, "Jukebox script"),
(@ENTRY, 0, 130, 0, 62, 0, 100, 0, @GOSSIP_MENU+33, 4, 0, 0, 4, 12128, 1, 0, 0, 0, 0, 7, 0, 0, 0, 0, 0, 0, 0, "Jukebox script"),
(@ENTRY, 0, 131, 0, 62, 0, 100, 0, @GOSSIP_MENU+42, 4, 0, 0, 4, 10144, 1, 0, 0, 0, 0, 7, 0, 0, 0, 0, 0, 0, 0, "Jukebox script"),
(@ENTRY, 0, 132, 0, 62, 0, 100, 0, @GOSSIP_MENU+43, 4, 0, 0, 4, 9050, 1, 0, 0, 0, 0, 7, 0, 0, 0, 0, 0, 0, 0, "Jukebox script"),
(@ENTRY, 0, 133, 0, 62, 0, 100, 0, @GOSSIP_MENU+41, 4, 0, 0, 4, 9903, 1, 0, 0, 0, 0, 7, 0, 0, 0, 0, 0, 0, 0, "Jukebox script"),
(@ENTRY, 0, 134, 0, 62, 0, 100, 0, @GOSSIP_MENU+40, 4, 0, 0, 4, 4994, 1, 0, 0, 0, 0, 7, 0, 0, 0, 0, 0, 0, 0, "Jukebox script"),
(@ENTRY, 0, 135, 0, 62, 0, 100, 0, @GOSSIP_MENU+32, 4, 0, 0, 4, 9052, 1, 0, 0, 0, 0, 7, 0, 0, 0, 0, 0, 0, 0, "Jukebox script"),
(@ENTRY, 0, 136, 0, 62, 0, 100, 0, @GOSSIP_MENU+31, 4, 0, 0, 4, 8533, 1, 0, 0, 0, 0, 7, 0, 0, 0, 0, 0, 0, 0, "Jukebox script"),
(@ENTRY, 0, 137, 0, 62, 0, 100, 0, @GOSSIP_MENU+30, 4, 0, 0, 4, 15114, 1, 0, 0, 0, 0, 7, 0, 0, 0, 0, 0, 0, 0, "Jukebox script"),
(@ENTRY, 0, 138, 0, 62, 0, 100, 0, @GOSSIP_MENU+29, 4, 0, 0, 4, 12562, 1, 0, 0, 0, 0, 7, 0, 0, 0, 0, 0, 0, 0, "Jukebox script"),
(@ENTRY, 0, 139, 0, 62, 0, 100, 0, @GOSSIP_MENU+28, 4, 0, 0, 4, 8564, 1, 0, 0, 0, 0, 7, 0, 0, 0, 0, 0, 0, 0, "Jukebox script"),
(@ENTRY, 0, 140, 0, 62, 0, 100, 0, @GOSSIP_MENU+27, 4, 0, 0, 4, 15100, 1, 0, 0, 0, 0, 7, 0, 0, 0, 0, 0, 0, 0, "Jukebox script"),
(@ENTRY, 0, 141, 0, 62, 0, 100, 0, @GOSSIP_MENU+26, 4, 0, 0, 4, 9972, 1, 0, 0, 0, 0, 7, 0, 0, 0, 0, 0, 0, 0, "Jukebox script"),
(@ENTRY, 0, 142, 0, 62, 0, 100, 0, @GOSSIP_MENU+25, 4, 0, 0, 4, 7097, 1, 0, 0, 0, 0, 7, 0, 0, 0, 0, 0, 0, 0, "Jukebox script"),
(@ENTRY, 0, 143, 0, 62, 0, 100, 0, @GOSSIP_MENU+24, 4, 0, 0, 4, 11706, 1, 0, 0, 0, 0, 7, 0, 0, 0, 0, 0, 0, 0, "Jukebox script"),
(@ENTRY, 0, 144, 0, 62, 0, 100, 0, @GOSSIP_MENU+23, 4, 0, 0, 4, 12747, 1, 0, 0, 0, 0, 7, 0, 0, 0, 0, 0, 0, 0, "Jukebox script"),
(@ENTRY, 0, 145, 0, 62, 0, 100, 0, @GOSSIP_MENU+22, 4, 0, 0, 4, 10766, 1, 0, 0, 0, 0, 7, 0, 0, 0, 0, 0, 0, 0, "Jukebox script"),
(@ENTRY, 0, 146, 0, 62, 0, 100, 0, @GOSSIP_MENU+21, 4, 0, 0, 4, 15076, 1, 0, 0, 0, 0, 7, 0, 0, 0, 0, 0, 0, 0, "Jukebox script"),
(@ENTRY, 0, 147, 0, 62, 0, 100, 0, @GOSSIP_MENU+20, 4, 0, 0, 4, 6066, 1, 0, 0, 0, 0, 7, 0, 0, 0, 0, 0, 0, 0, "Jukebox script"),
(@ENTRY, 0, 148, 0, 62, 0, 100, 0, @GOSSIP_MENU+19, 4, 0, 0, 4, 14909, 1, 0, 0, 0, 0, 7, 0, 0, 0, 0, 0, 0, 0, "Jukebox script"),
(@ENTRY, 0, 149, 0, 62, 0, 100, 0, @GOSSIP_MENU+18, 4, 0, 0, 4, 15121, 1, 0, 0, 0, 0, 7, 0, 0, 0, 0, 0, 0, 0, "Jukebox script"),
(@ENTRY, 0, 150, 0, 62, 0, 100, 0, @GOSSIP_MENU+17, 4, 0, 0, 4, 9798, 1, 0, 0, 0, 0, 7, 0, 0, 0, 0, 0, 0, 0, "Jukebox script"),
(@ENTRY, 0, 151, 0, 62, 0, 100, 0, @GOSSIP_MENU+16, 4, 0, 0, 4, 9804, 1, 0, 0, 0, 0, 7, 0, 0, 0, 0, 0, 0, 0, "Jukebox script"),
(@ENTRY, 0, 152, 0, 62, 0, 100, 0, @GOSSIP_MENU+15, 4, 0, 0, 4, 15040, 1, 0, 0, 0, 0, 7, 0, 0, 0, 0, 0, 0, 0, "Jukebox script"),
(@ENTRY, 0, 153, 0, 62, 0, 100, 0, @GOSSIP_MENU+14, 4, 0, 0, 4, 12154, 1, 0, 0, 0, 0, 7, 0, 0, 0, 0, 0, 0, 0, "Jukebox script"),
(@ENTRY, 0, 154, 0, 62, 0, 100, 0, @GOSSIP_MENU+13, 4, 0, 0, 4, 8889, 1, 0, 0, 0, 0, 7, 0, 0, 0, 0, 0, 0, 0, "Jukebox script"),
(@ENTRY, 0, 155, 0, 62, 0, 100, 0, @GOSSIP_MENU+12, 4, 0, 0, 4, 12803, 1, 0, 0, 0, 0, 7, 0, 0, 0, 0, 0, 0, 0, "Jukebox script"),
(@ENTRY, 0, 156, 0, 62, 0, 100, 0, @GOSSIP_MENU+11, 4, 0, 0, 4, 10608, 1, 0, 0, 0, 0, 7, 0, 0, 0, 0, 0, 0, 0, "Jukebox script"),
(@ENTRY, 0, 157, 0, 62, 0, 100, 0, @GOSSIP_MENU+10, 4, 0, 0, 4, 14896, 1, 0, 0, 0, 0, 7, 0, 0, 0, 0, 0, 0, 0, "Jukebox script"),
(@ENTRY, 0, 158, 0, 62, 0, 100, 0, @GOSSIP_MENU+9, 4, 0, 0, 4, 14923, 1, 0, 0, 0, 0, 7, 0, 0, 0, 0, 0, 0, 0, "Jukebox script"),
(@ENTRY, 0, 159, 0, 62, 0, 100, 0, @GOSSIP_MENU+8, 4, 0, 0, 4, 12534, 1, 0, 0, 0, 0, 7, 0, 0, 0, 0, 0, 0, 0, "Jukebox script"),
(@ENTRY, 0, 160, 0, 62, 0, 100, 0, @GOSSIP_MENU+7, 4, 0, 0, 4, 2537, 1, 0, 0, 0, 0, 7, 0, 0, 0, 0, 0, 0, 0, "Jukebox script"),
(@ENTRY, 0, 161, 0, 62, 0, 100, 0, @GOSSIP_MENU+38, 4, 0, 0, 4, 7338, 1, 0, 0, 0, 0, 7, 0, 0, 0, 0, 0, 0, 0, "Jukebox script"),
(@ENTRY, 0, 162, 0, 62, 0, 100, 0, @GOSSIP_MENU+6, 4, 0, 0, 4, 7077, 1, 0, 0, 0, 0, 7, 0, 0, 0, 0, 0, 0, 0, "Jukebox script"),
(@ENTRY, 0, 163, 0, 62, 0, 100, 0, @GOSSIP_MENU+5, 4, 0, 0, 4, 15119, 1, 0, 0, 0, 0, 7, 0, 0, 0, 0, 0, 0, 0, "Jukebox script"),
(@ENTRY, 0, 164, 0, 62, 0, 100, 0, @GOSSIP_MENU+4, 4, 0, 0, 4, 11813, 1, 0, 0, 0, 0, 7, 0, 0, 0, 0, 0, 0, 0, "Jukebox script"),
(@ENTRY, 0, 165, 0, 62, 0, 100, 0, @GOSSIP_MENU+3, 4, 0, 0, 4, 15851, 1, 0, 0, 0, 0, 7, 0, 0, 0, 0, 0, 0, 0, "Jukebox script"),
(@ENTRY, 0, 166, 0, 62, 0, 100, 0, @GOSSIP_MENU+37, 4, 0, 0, 4, 17307, 1, 0, 0, 0, 0, 7, 0, 0, 0, 0, 0, 0, 0, "Jukebox script"),
(@ENTRY, 0, 167, 0, 62, 0, 100, 0, @GOSSIP_MENU+2, 4, 0, 0, 4, 17280, 1, 0, 0, 0, 0, 7, 0, 0, 0, 0, 0, 0, 0, "Jukebox script"),
(@ENTRY, 0, 168, 0, 62, 0, 100, 0, @GOSSIP_MENU+1, 4, 0, 0, 4, 14941, 1, 0, 0, 0, 0, 7, 0, 0, 0, 0, 0, 0, 0, "Jukebox script"),
(@ENTRY, 0, 169, 0, 62, 0, 100, 0, @GOSSIP_MENU+45, 5, 0, 0, 4, 14834, 1, 0, 0, 0, 0, 7, 0, 0, 0, 0, 0, 0, 0, "Jukebox script"),
(@ENTRY, 0, 170, 0, 62, 0, 100, 0, @GOSSIP_MENU+44, 5, 0, 0, 4, 12801, 1, 0, 0, 0, 0, 7, 0, 0, 0, 0, 0, 0, 0, "Jukebox script"),
(@ENTRY, 0, 171, 0, 62, 0, 100, 0, @GOSSIP_MENU+34, 5, 0, 0, 4, 14837, 1, 0, 0, 0, 0, 7, 0, 0, 0, 0, 0, 0, 0, "Jukebox script"),
(@ENTRY, 0, 172, 0, 62, 0, 100, 0, @GOSSIP_MENU+33, 5, 0, 0, 4, 12129, 1, 0, 0, 0, 0, 7, 0, 0, 0, 0, 0, 0, 0, "Jukebox script"),
(@ENTRY, 0, 173, 0, 62, 0, 100, 0, @GOSSIP_MENU+42, 5, 0, 0, 4, 10145, 1, 0, 0, 0, 0, 7, 0, 0, 0, 0, 0, 0, 0, "Jukebox script"),
(@ENTRY, 0, 174, 0, 62, 0, 100, 0, @GOSSIP_MENU+43, 5, 0, 0, 4, 10143, 1, 0, 0, 0, 0, 7, 0, 0, 0, 0, 0, 0, 0, "Jukebox script"),
(@ENTRY, 0, 175, 0, 62, 0, 100, 0, @GOSSIP_MENU+41, 5, 0, 0, 4, 4184, 1, 0, 0, 0, 0, 7, 0, 0, 0, 0, 0, 0, 0, "Jukebox script"),
(@ENTRY, 0, 176, 0, 62, 0, 100, 0, @GOSSIP_MENU+40, 5, 0, 0, 4, 13359, 1, 0, 0, 0, 0, 7, 0, 0, 0, 0, 0, 0, 0, "Jukebox script"),
(@ENTRY, 0, 177, 0, 62, 0, 100, 0, @GOSSIP_MENU+32, 5, 0, 0, 4, 8948, 1, 0, 0, 0, 0, 7, 0, 0, 0, 0, 0, 0, 0, "Jukebox script"),
(@ENTRY, 0, 178, 0, 62, 0, 100, 0, @GOSSIP_MENU+31, 5, 0, 0, 4, 8534, 1, 0, 0, 0, 0, 7, 0, 0, 0, 0, 0, 0, 0, "Jukebox script"),
(@ENTRY, 0, 179, 0, 62, 0, 100, 0, @GOSSIP_MENU+30, 5, 0, 0, 4, 15115, 1, 0, 0, 0, 0, 7, 0, 0, 0, 0, 0, 0, 0, "Jukebox script"),
(@ENTRY, 0, 180, 0, 62, 0, 100, 0, @GOSSIP_MENU+29, 5, 0, 0, 4, 12561, 1, 0, 0, 0, 0, 7, 0, 0, 0, 0, 0, 0, 0, "Jukebox script"),
(@ENTRY, 0, 181, 0, 62, 0, 100, 0, @GOSSIP_MENU+28, 5, 0, 0, 4, 8578, 1, 0, 0, 0, 0, 7, 0, 0, 0, 0, 0, 0, 0, "Jukebox script"),
(@ENTRY, 0, 182, 0, 62, 0, 100, 0, @GOSSIP_MENU+27, 5, 0, 0, 4, 15097, 1, 0, 0, 0, 0, 7, 0, 0, 0, 0, 0, 0, 0, "Jukebox script"),
(@ENTRY, 0, 183, 0, 62, 0, 100, 0, @GOSSIP_MENU+26, 5, 0, 0, 4, 9458, 1, 0, 0, 0, 0, 7, 0, 0, 0, 0, 0, 0, 0, "Jukebox script"),
(@ENTRY, 0, 184, 0, 62, 0, 100, 0, @GOSSIP_MENU+24, 5, 0, 0, 4, 11698, 1, 0, 0, 0, 0, 7, 0, 0, 0, 0, 0, 0, 0, "Jukebox script"),
(@ENTRY, 0, 185, 0, 62, 0, 100, 0, @GOSSIP_MENU+23, 5, 0, 0, 4, 15101, 1, 0, 0, 0, 0, 7, 0, 0, 0, 0, 0, 0, 0, "Jukebox script"),
(@ENTRY, 0, 186, 0, 62, 0, 100, 0, @GOSSIP_MENU+22, 5, 0, 0, 4, 10768, 1, 0, 0, 0, 0, 7, 0, 0, 0, 0, 0, 0, 0, "Jukebox script"),
(@ENTRY, 0, 187, 0, 62, 0, 100, 0, @GOSSIP_MENU+19, 5, 0, 0, 4, 14995, 1, 0, 0, 0, 0, 7, 0, 0, 0, 0, 0, 0, 0, "Jukebox script"),
(@ENTRY, 0, 188, 0, 62, 0, 100, 0, @GOSSIP_MENU+18, 5, 0, 0, 4, 15122, 1, 0, 0, 0, 0, 7, 0, 0, 0, 0, 0, 0, 0, "Jukebox script"),
(@ENTRY, 0, 189, 0, 62, 0, 100, 0, @GOSSIP_MENU+17, 5, 0, 0, 4, 9799, 1, 0, 0, 0, 0, 7, 0, 0, 0, 0, 0, 0, 0, "Jukebox script"),
(@ENTRY, 0, 190, 0, 62, 0, 100, 0, @GOSSIP_MENU+16, 5, 0, 0, 4, 9805, 1, 0, 0, 0, 0, 7, 0, 0, 0, 0, 0, 0, 0, "Jukebox script"),
(@ENTRY, 0, 191, 0, 62, 0, 100, 0, @GOSSIP_MENU+15, 5, 0, 0, 4, 15036, 1, 0, 0, 0, 0, 7, 0, 0, 0, 0, 0, 0, 0, "Jukebox script"),
(@ENTRY, 0, 192, 0, 62, 0, 100, 0, @GOSSIP_MENU+14, 5, 0, 0, 4, 12161, 1, 0, 0, 0, 0, 7, 0, 0, 0, 0, 0, 0, 0, "Jukebox script"),
(@ENTRY, 0, 193, 0, 62, 0, 100, 0, @GOSSIP_MENU+13, 5, 0, 0, 4, 8886, 1, 0, 0, 0, 0, 7, 0, 0, 0, 0, 0, 0, 0, "Jukebox script"),
(@ENTRY, 0, 194, 0, 62, 0, 100, 0, @GOSSIP_MENU+12, 5, 0, 0, 4, 15041, 1, 0, 0, 0, 0, 7, 0, 0, 0, 0, 0, 0, 0, "Jukebox script"),
(@ENTRY, 0, 195, 0, 62, 0, 100, 0, @GOSSIP_MENU+11, 5, 0, 0, 4, 10855, 1, 0, 0, 0, 0, 7, 0, 0, 0, 0, 0, 0, 0, "Jukebox script"),
(@ENTRY, 0, 196, 0, 62, 0, 100, 0, @GOSSIP_MENU+10, 5, 0, 0, 4, 14846, 1, 0, 0, 0, 0, 7, 0, 0, 0, 0, 0, 0, 0, "Jukebox script"),
(@ENTRY, 0, 197, 0, 62, 0, 100, 0, @GOSSIP_MENU+9, 5, 0, 0, 4, 14920, 1, 0, 0, 0, 0, 7, 0, 0, 0, 0, 0, 0, 0, "Jukebox script"),
(@ENTRY, 0, 198, 0, 62, 0, 100, 0, @GOSSIP_MENU+8, 5, 0, 0, 4, 12538, 1, 0, 0, 0, 0, 7, 0, 0, 0, 0, 0, 0, 0, "Jukebox script"),
(@ENTRY, 0, 199, 0, 62, 0, 100, 0, @GOSSIP_MENU+7, 5, 0, 0, 4, 2528, 1, 0, 0, 0, 0, 7, 0, 0, 0, 0, 0, 0, 0, "Jukebox script"),
(@ENTRY, 0, 200, 0, 62, 0, 100, 0, @GOSSIP_MENU+38, 5, 0, 0, 4, 7519, 1, 0, 0, 0, 0, 7, 0, 0, 0, 0, 0, 0, 0, "Jukebox script"),
(@ENTRY, 0, 201, 0, 62, 0, 100, 0, @GOSSIP_MENU+6, 5, 0, 0, 4, 5035, 1, 0, 0, 0, 0, 7, 0, 0, 0, 0, 0, 0, 0, "Jukebox script"),
(@ENTRY, 0, 202, 0, 62, 0, 100, 0, @GOSSIP_MENU+5, 5, 0, 0, 4, 8452, 1, 0, 0, 0, 0, 7, 0, 0, 0, 0, 0, 0, 0, "Jukebox script"),
(@ENTRY, 0, 203, 0, 62, 0, 100, 0, @GOSSIP_MENU+4, 5, 0, 0, 4, 11811, 1, 0, 0, 0, 0, 7, 0, 0, 0, 0, 0, 0, 0, "Jukebox script"),
(@ENTRY, 0, 204, 0, 62, 0, 100, 0, @GOSSIP_MENU+3, 5, 0, 0, 4, 16337, 1, 0, 0, 0, 0, 7, 0, 0, 0, 0, 0, 0, 0, "Jukebox script"),
(@ENTRY, 0, 205, 0, 62, 0, 100, 0, @GOSSIP_MENU+37, 5, 0, 0, 4, 17308, 1, 0, 0, 0, 0, 7, 0, 0, 0, 0, 0, 0, 0, "Jukebox script"),
(@ENTRY, 0, 206, 0, 62, 0, 100, 0, @GOSSIP_MENU+2, 5, 0, 0, 4, 17287, 1, 0, 0, 0, 0, 7, 0, 0, 0, 0, 0, 0, 0, "Jukebox script"),
(@ENTRY, 0, 207, 0, 62, 0, 100, 0, @GOSSIP_MENU+1, 5, 0, 0, 4, 14943, 1, 0, 0, 0, 0, 7, 0, 0, 0, 0, 0, 0, 0, "Jukebox script"),
(@ENTRY, 0, 208, 0, 62, 0, 100, 0, @GOSSIP_MENU+45, 6, 0, 0, 4, 14836, 1, 0, 0, 0, 0, 7, 0, 0, 0, 0, 0, 0, 0, "Jukebox script"),
(@ENTRY, 0, 209, 0, 62, 0, 100, 0, @GOSSIP_MENU+44, 6, 0, 0, 4, 9461, 1, 0, 0, 0, 0, 7, 0, 0, 0, 0, 0, 0, 0, "Jukebox script"),
(@ENTRY, 0, 210, 0, 62, 0, 100, 0, @GOSSIP_MENU+34, 6, 0, 0, 4, 14875, 1, 0, 0, 0, 0, 7, 0, 0, 0, 0, 0, 0, 0, "Jukebox script"),
(@ENTRY, 0, 211, 0, 62, 0, 100, 0, @GOSSIP_MENU+33, 6, 0, 0, 4, 13799, 1, 0, 0, 0, 0, 7, 0, 0, 0, 0, 0, 0, 0, "Jukebox script"),
(@ENTRY, 0, 212, 0, 62, 0, 100, 0, @GOSSIP_MENU+42, 6, 0, 0, 4, 13157, 1, 0, 0, 0, 0, 7, 0, 0, 0, 0, 0, 0, 0, "Jukebox script"),
(@ENTRY, 0, 213, 0, 62, 0, 100, 0, @GOSSIP_MENU+43, 6, 0, 0, 4, 12864, 1, 0, 0, 0, 0, 7, 0, 0, 0, 0, 0, 0, 0, "Jukebox script"),
(@ENTRY, 0, 214, 0, 62, 0, 100, 0, @GOSSIP_MENU+41, 6, 0, 0, 4, 4175, 1, 0, 0, 0, 0, 7, 0, 0, 0, 0, 0, 0, 0, "Jukebox script"),
(@ENTRY, 0, 215, 0, 62, 0, 100, 0, @GOSSIP_MENU+40, 6, 0, 0, 4, 4219, 1, 0, 0, 0, 0, 7, 0, 0, 0, 0, 0, 0, 0, "Jukebox script"),
(@ENTRY, 0, 216, 0, 62, 0, 100, 0, @GOSSIP_MENU+32, 6, 0, 0, 4, 8949, 1, 0, 0, 0, 0, 7, 0, 0, 0, 0, 0, 0, 0, "Jukebox script"),
(@ENTRY, 0, 217, 0, 62, 0, 100, 0, @GOSSIP_MENU+31, 6, 0, 0, 4, 8558, 1, 0, 0, 0, 0, 7, 0, 0, 0, 0, 0, 0, 0, "Jukebox script"),
(@ENTRY, 0, 218, 0, 62, 0, 100, 0, @GOSSIP_MENU+30, 6, 0, 0, 4, 15116, 1, 0, 0, 0, 0, 7, 0, 0, 0, 0, 0, 0, 0, "Jukebox script"),
(@ENTRY, 0, 219, 0, 62, 0, 100, 0, @GOSSIP_MENU+29, 6, 0, 0, 4, 14960, 1, 0, 0, 0, 0, 7, 0, 0, 0, 0, 0, 0, 0, "Jukebox script"),
(@ENTRY, 0, 220, 0, 62, 0, 100, 0, @GOSSIP_MENU+28, 6, 0, 0, 4, 8577, 1, 0, 0, 0, 0, 7, 0, 0, 0, 0, 0, 0, 0, "Jukebox script"),
(@ENTRY, 0, 221, 0, 62, 0, 100, 0, @GOSSIP_MENU+27, 6, 0, 0, 4, 15124, 1, 0, 0, 0, 0, 7, 0, 0, 0, 0, 0, 0, 0, "Jukebox script"),
(@ENTRY, 0, 222, 0, 62, 0, 100, 0, @GOSSIP_MENU+26, 6, 0, 0, 4, 10605, 1, 0, 0, 0, 0, 7, 0, 0, 0, 0, 0, 0, 0, "Jukebox script"),
(@ENTRY, 0, 223, 0, 62, 0, 100, 0, @GOSSIP_MENU+24, 6, 0, 0, 4, 11701, 1, 0, 0, 0, 0, 7, 0, 0, 0, 0, 0, 0, 0, "Jukebox script"),
(@ENTRY, 0, 224, 0, 62, 0, 100, 0, @GOSSIP_MENU+23, 6, 0, 0, 4, 15044, 1, 0, 0, 0, 0, 7, 0, 0, 0, 0, 0, 0, 0, "Jukebox script"),
(@ENTRY, 0, 225, 0, 62, 0, 100, 0, @GOSSIP_MENU+22, 6, 0, 0, 4, 10767, 1, 0, 0, 0, 0, 7, 0, 0, 0, 0, 0, 0, 0, "Jukebox script"),
(@ENTRY, 0, 226, 0, 62, 0, 100, 0, @GOSSIP_MENU+19, 6, 0, 0, 4, 14910, 1, 0, 0, 0, 0, 7, 0, 0, 0, 0, 0, 0, 0, "Jukebox script"),
(@ENTRY, 0, 227, 0, 62, 0, 100, 0, @GOSSIP_MENU+18, 6, 0, 0, 4, 12563, 1, 0, 0, 0, 0, 7, 0, 0, 0, 0, 0, 0, 0, "Jukebox script"),
(@ENTRY, 0, 228, 0, 62, 0, 100, 0, @GOSSIP_MENU+17, 6, 0, 0, 4, 9800, 1, 0, 0, 0, 0, 7, 0, 0, 0, 0, 0, 0, 0, "Jukebox script"),
(@ENTRY, 0, 229, 0, 62, 0, 100, 0, @GOSSIP_MENU+16, 6, 0, 0, 4, 9806, 1, 0, 0, 0, 0, 7, 0, 0, 0, 0, 0, 0, 0, "Jukebox script"),
(@ENTRY, 0, 230, 0, 62, 0, 100, 0, @GOSSIP_MENU+15, 6, 0, 0, 4, 15038, 1, 0, 0, 0, 0, 7, 0, 0, 0, 0, 0, 0, 0, "Jukebox script"),
(@ENTRY, 0, 231, 0, 62, 0, 100, 0, @GOSSIP_MENU+14, 6, 0, 0, 4, 12164, 1, 0, 0, 0, 0, 7, 0, 0, 0, 0, 0, 0, 0, "Jukebox script"),
(@ENTRY, 0, 232, 0, 62, 0, 100, 0, @GOSSIP_MENU+13, 6, 0, 0, 4, 8885, 1, 0, 0, 0, 0, 7, 0, 0, 0, 0, 0, 0, 0, "Jukebox script"),
(@ENTRY, 0, 233, 0, 62, 0, 100, 0, @GOSSIP_MENU+12, 6, 0, 0, 4, 15042, 1, 0, 0, 0, 0, 7, 0, 0, 0, 0, 0, 0, 0, "Jukebox script"),
(@ENTRY, 0, 234, 0, 62, 0, 100, 0, @GOSSIP_MENU+11, 6, 0, 0, 4, 11771, 1, 0, 0, 0, 0, 7, 0, 0, 0, 0, 0, 0, 0, "Jukebox script"),
(@ENTRY, 0, 235, 0, 62, 0, 100, 0, @GOSSIP_MENU+10, 6, 0, 0, 4, 14902, 1, 0, 0, 0, 0, 7, 0, 0, 0, 0, 0, 0, 0, "Jukebox script"),
(@ENTRY, 0, 236, 0, 62, 0, 100, 0, @GOSSIP_MENU+9, 6, 0, 0, 4, 14930, 1, 0, 0, 0, 0, 7, 0, 0, 0, 0, 0, 0, 0, "Jukebox script"),
(@ENTRY, 0, 237, 0, 62, 0, 100, 0, @GOSSIP_MENU+8, 6, 0, 0, 4, 12318, 1, 0, 0, 0, 0, 7, 0, 0, 0, 0, 0, 0, 0, "Jukebox script"),
(@ENTRY, 0, 238, 0, 62, 0, 100, 0, @GOSSIP_MENU+7, 6, 0, 0, 4, 2538, 1, 0, 0, 0, 0, 7, 0, 0, 0, 0, 0, 0, 0, "Jukebox script"),
(@ENTRY, 0, 239, 0, 62, 0, 100, 0, @GOSSIP_MENU+38, 6, 0, 0, 4, 7414, 1, 0, 0, 0, 0, 7, 0, 0, 0, 0, 0, 0, 0, "Jukebox script"),
(@ENTRY, 0, 240, 0, 62, 0, 100, 0, @GOSSIP_MENU+6, 6, 0, 0, 4, 5036, 1, 0, 0, 0, 0, 7, 0, 0, 0, 0, 0, 0, 0, "Jukebox script"),
(@ENTRY, 0, 241, 0, 62, 0, 100, 0, @GOSSIP_MENU+5, 6, 0, 0, 4, 6077, 1, 0, 0, 0, 0, 7, 0, 0, 0, 0, 0, 0, 0, "Jukebox script"),
(@ENTRY, 0, 242, 0, 62, 0, 100, 0, @GOSSIP_MENU+4, 6, 0, 0, 4, 11814, 1, 0, 0, 0, 0, 7, 0, 0, 0, 0, 0, 0, 0, "Jukebox script"),
(@ENTRY, 0, 243, 0, 62, 0, 100, 0, @GOSSIP_MENU+37, 6, 0, 0, 4, 17306, 1, 0, 0, 0, 0, 7, 0, 0, 0, 0, 0, 0, 0, "Jukebox script"),
(@ENTRY, 0, 244, 0, 62, 0, 100, 0, @GOSSIP_MENU+2, 6, 0, 0, 4, 17277, 1, 0, 0, 0, 0, 7, 0, 0, 0, 0, 0, 0, 0, "Jukebox script"),
(@ENTRY, 0, 245, 0, 62, 0, 100, 0, @GOSSIP_MENU+1, 6, 0, 0, 4, 14937, 1, 0, 0, 0, 0, 7, 0, 0, 0, 0, 0, 0, 0, "Jukebox script"),
(@ENTRY, 0, 246, 0, 62, 0, 100, 0, @GOSSIP_MENU+45, 7, 0, 0, 4, 14838, 1, 0, 0, 0, 0, 7, 0, 0, 0, 0, 0, 0, 0, "Jukebox script"),
(@ENTRY, 0, 247, 0, 62, 0, 100, 0, @GOSSIP_MENU+44, 7, 0, 0, 4, 9462, 1, 0, 0, 0, 0, 7, 0, 0, 0, 0, 0, 0, 0, "Jukebox script"),
(@ENTRY, 0, 248, 0, 62, 0, 100, 0, @GOSSIP_MENU+34, 7, 0, 0, 4, 14840, 1, 0, 0, 0, 0, 7, 0, 0, 0, 0, 0, 0, 0, "Jukebox script"),
(@ENTRY, 0, 249, 0, 62, 0, 100, 0, @GOSSIP_MENU+33, 7, 0, 0, 4, 13800, 1, 0, 0, 0, 0, 7, 0, 0, 0, 0, 0, 0, 0, "Jukebox script"),
(@ENTRY, 0, 250, 0, 62, 0, 100, 0, @GOSSIP_MENU+42, 7, 0, 0, 4, 4178, 1, 0, 0, 0, 0, 7, 0, 0, 0, 0, 0, 0, 0, "Jukebox script"),
(@ENTRY, 0, 251, 0, 62, 0, 100, 0, @GOSSIP_MENU+43, 7, 0, 0, 4, 12865, 1, 0, 0, 0, 0, 7, 0, 0, 0, 0, 0, 0, 0, "Jukebox script"),
(@ENTRY, 0, 252, 0, 62, 0, 100, 0, @GOSSIP_MENU+41, 7, 0, 0, 4, 4193, 1, 0, 0, 0, 0, 7, 0, 0, 0, 0, 0, 0, 0, "Jukebox script"),
(@ENTRY, 0, 253, 0, 62, 0, 100, 0, @GOSSIP_MENU+40, 7, 0, 0, 4, 4212, 1, 0, 0, 0, 0, 7, 0, 0, 0, 0, 0, 0, 0, "Jukebox script"),
(@ENTRY, 0, 254, 0, 62, 0, 100, 0, @GOSSIP_MENU+32, 7, 0, 0, 4, 9010, 1, 0, 0, 0, 0, 7, 0, 0, 0, 0, 0, 0, 0, "Jukebox script"),
(@ENTRY, 0, 255, 0, 62, 0, 100, 0, @GOSSIP_MENU+31, 7, 0, 0, 4, 8556, 1, 0, 0, 0, 0, 7, 0, 0, 0, 0, 0, 0, 0, "Jukebox script"),
(@ENTRY, 0, 256, 0, 62, 0, 100, 0, @GOSSIP_MENU+30, 7, 0, 0, 4, 15117, 1, 0, 0, 0, 0, 7, 0, 0, 0, 0, 0, 0, 0, "Jukebox script"),
(@ENTRY, 0, 257, 0, 62, 0, 100, 0, @GOSSIP_MENU+29, 7, 0, 0, 4, 12293, 1, 0, 0, 0, 0, 7, 0, 0, 0, 0, 0, 0, 0, "Jukebox script"),
(@ENTRY, 0, 258, 0, 62, 0, 100, 0, @GOSSIP_MENU+27, 7, 0, 0, 4, 15099, 1, 0, 0, 0, 0, 7, 0, 0, 0, 0, 0, 0, 0, "Jukebox script"),
(@ENTRY, 0, 259, 0, 62, 0, 100, 0, @GOSSIP_MENU+26, 7, 0, 0, 4, 9459, 1, 0, 0, 0, 0, 7, 0, 0, 0, 0, 0, 0, 0, "Jukebox script"),
(@ENTRY, 0, 260, 0, 62, 0, 100, 0, @GOSSIP_MENU+24, 7, 0, 0, 4, 11704, 1, 0, 0, 0, 0, 7, 0, 0, 0, 0, 0, 0, 0, "Jukebox script"),
(@ENTRY, 0, 261, 0, 62, 0, 100, 0, @GOSSIP_MENU+23, 7, 0, 0, 4, 15045, 1, 0, 0, 0, 0, 7, 0, 0, 0, 0, 0, 0, 0, "Jukebox script"),
(@ENTRY, 0, 262, 0, 62, 0, 100, 0, @GOSSIP_MENU+22, 7, 0, 0, 4, 10770, 1, 0, 0, 0, 0, 7, 0, 0, 0, 0, 0, 0, 0, "Jukebox script"),
(@ENTRY, 0, 263, 0, 62, 0, 100, 0, @GOSSIP_MENU+19, 7, 0, 0, 4, 14905, 1, 0, 0, 0, 0, 7, 0, 0, 0, 0, 0, 0, 0, "Jukebox script"),
(@ENTRY, 0, 264, 0, 62, 0, 100, 0, @GOSSIP_MENU+18, 7, 0, 0, 4, 12564, 1, 0, 0, 0, 0, 7, 0, 0, 0, 0, 0, 0, 0, "Jukebox script"),
(@ENTRY, 0, 265, 0, 62, 0, 100, 0, @GOSSIP_MENU+17, 7, 0, 0, 4, 9793, 1, 0, 0, 0, 0, 7, 0, 0, 0, 0, 0, 0, 0, "Jukebox script"),
(@ENTRY, 0, 266, 0, 62, 0, 100, 0, @GOSSIP_MENU+16, 7, 0, 0, 4, 10856, 1, 0, 0, 0, 0, 7, 0, 0, 0, 0, 0, 0, 0, "Jukebox script"),
(@ENTRY, 0, 267, 0, 62, 0, 100, 0, @GOSSIP_MENU+15, 7, 0, 0, 4, 15037, 1, 0, 0, 0, 0, 7, 0, 0, 0, 0, 0, 0, 0, "Jukebox script"),
(@ENTRY, 0, 268, 0, 62, 0, 100, 0, @GOSSIP_MENU+14, 7, 0, 0, 4, 12168, 1, 0, 0, 0, 0, 7, 0, 0, 0, 0, 0, 0, 0, "Jukebox script"),
(@ENTRY, 0, 269, 0, 62, 0, 100, 0, @GOSSIP_MENU+13, 7, 0, 0, 4, 8887, 1, 0, 0, 0, 0, 7, 0, 0, 0, 0, 0, 0, 0, "Jukebox script"),
(@ENTRY, 0, 270, 0, 62, 0, 100, 0, @GOSSIP_MENU+12, 7, 0, 0, 4, 14952, 1, 0, 0, 0, 0, 7, 0, 0, 0, 0, 0, 0, 0, "Jukebox script"),
(@ENTRY, 0, 271, 0, 62, 0, 100, 0, @GOSSIP_MENU+11, 7, 0, 0, 4, 10868, 1, 0, 0, 0, 0, 7, 0, 0, 0, 0, 0, 0, 0, "Jukebox script"),
(@ENTRY, 0, 272, 0, 62, 0, 100, 0, @GOSSIP_MENU+10, 7, 0, 0, 4, 14893, 1, 0, 0, 0, 0, 7, 0, 0, 0, 0, 0, 0, 0, "Jukebox script"),
(@ENTRY, 0, 273, 0, 62, 0, 100, 0, @GOSSIP_MENU+9, 7, 0, 0, 4, 14919, 1, 0, 0, 0, 0, 7, 0, 0, 0, 0, 0, 0, 0, "Jukebox script"),
(@ENTRY, 0, 274, 0, 62, 0, 100, 0, @GOSSIP_MENU+7, 7, 0, 0, 4, 2523, 1, 0, 0, 0, 0, 7, 0, 0, 0, 0, 0, 0, 0, "Jukebox script"),
(@ENTRY, 0, 275, 0, 62, 0, 100, 0, @GOSSIP_MENU+38, 7, 0, 0, 4, 7196, 1, 0, 0, 0, 0, 7, 0, 0, 0, 0, 0, 0, 0, "Jukebox script"),
(@ENTRY, 0, 276, 0, 62, 0, 100, 0, @GOSSIP_MENU+6, 7, 0, 0, 4, 5054, 1, 0, 0, 0, 0, 7, 0, 0, 0, 0, 0, 0, 0, "Jukebox script"),
(@ENTRY, 0, 277, 0, 62, 0, 100, 0, @GOSSIP_MENU+5, 7, 0, 0, 4, 6045, 1, 0, 0, 0, 0, 7, 0, 0, 0, 0, 0, 0, 0, "Jukebox script"),
(@ENTRY, 0, 278, 0, 62, 0, 100, 0, @GOSSIP_MENU+4, 7, 0, 0, 4, 11815, 1, 0, 0, 0, 0, 7, 0, 0, 0, 0, 0, 0, 0, "Jukebox script"),
(@ENTRY, 0, 279, 0, 62, 0, 100, 0, @GOSSIP_MENU+37, 7, 0, 0, 4, 17292, 1, 0, 0, 0, 0, 7, 0, 0, 0, 0, 0, 0, 0, "Jukebox script"),
(@ENTRY, 0, 280, 0, 62, 0, 100, 0, @GOSSIP_MENU+2, 7, 0, 0, 4, 17286, 1, 0, 0, 0, 0, 7, 0, 0, 0, 0, 0, 0, 0, "Jukebox script"),
(@ENTRY, 0, 281, 0, 62, 0, 100, 0, @GOSSIP_MENU+1, 7, 0, 0, 4, 14936, 1, 0, 0, 0, 0, 7, 0, 0, 0, 0, 0, 0, 0, "Jukebox script"),
(@ENTRY, 0, 282, 0, 62, 0, 100, 0, @GOSSIP_MENU+45, 8, 0, 0, 4, 14839, 1, 0, 0, 0, 0, 7, 0, 0, 0, 0, 0, 0, 0, "Jukebox script"),
(@ENTRY, 0, 283, 0, 62, 0, 100, 0, @GOSSIP_MENU+33, 8, 0, 0, 4, 8233, 1, 0, 0, 0, 0, 7, 0, 0, 0, 0, 0, 0, 0, "Jukebox script"),
(@ENTRY, 0, 284, 0, 62, 0, 100, 0, @GOSSIP_MENU+44, 8, 0, 0, 4, 9460, 1, 0, 0, 0, 0, 7, 0, 0, 0, 0, 0, 0, 0, "Jukebox script"),
(@ENTRY, 0, 285, 0, 62, 0, 100, 0, @GOSSIP_MENU+34, 8, 0, 0, 4, 14842, 1, 0, 0, 0, 0, 7, 0, 0, 0, 0, 0, 0, 0, "Jukebox script"),
(@ENTRY, 0, 286, 0, 62, 0, 100, 0, @GOSSIP_MENU+42, 8, 0, 0, 4, 4179, 1, 0, 0, 0, 0, 7, 0, 0, 0, 0, 0, 0, 0, "Jukebox script"),
(@ENTRY, 0, 287, 0, 62, 0, 100, 0, @GOSSIP_MENU+43, 8, 0, 0, 4, 9061, 1, 0, 0, 0, 0, 7, 0, 0, 0, 0, 0, 0, 0, "Jukebox script"),
(@ENTRY, 0, 288, 0, 62, 0, 100, 0, @GOSSIP_MENU+41, 8, 0, 0, 4, 4194, 1, 0, 0, 0, 0, 7, 0, 0, 0, 0, 0, 0, 0, "Jukebox script"),
(@ENTRY, 0, 289, 0, 62, 0, 100, 0, @GOSSIP_MENU+40, 8, 0, 0, 4, 4213, 1, 0, 0, 0, 0, 7, 0, 0, 0, 0, 0, 0, 0, "Jukebox script"),
(@ENTRY, 0, 290, 0, 62, 0, 100, 0, @GOSSIP_MENU+32, 8, 0, 0, 4, 9011, 1, 0, 0, 0, 0, 7, 0, 0, 0, 0, 0, 0, 0, "Jukebox script"),
(@ENTRY, 0, 291, 0, 62, 0, 100, 0, @GOSSIP_MENU+31, 8, 0, 0, 4, 8557, 1, 0, 0, 0, 0, 7, 0, 0, 0, 0, 0, 0, 0, "Jukebox script"),
(@ENTRY, 0, 292, 0, 62, 0, 100, 0, @GOSSIP_MENU+29, 8, 0, 0, 4, 12528, 1, 0, 0, 0, 0, 7, 0, 0, 0, 0, 0, 0, 0, "Jukebox script"),
(@ENTRY, 0, 293, 0, 62, 0, 100, 0, @GOSSIP_MENU+26, 8, 0, 0, 4, 9975, 1, 0, 0, 0, 0, 7, 0, 0, 0, 0, 0, 0, 0, "Jukebox script"),
(@ENTRY, 0, 294, 0, 62, 0, 100, 0, @GOSSIP_MENU+24, 8, 0, 0, 4, 11718, 1, 0, 0, 0, 0, 7, 0, 0, 0, 0, 0, 0, 0, "Jukebox script"),
(@ENTRY, 0, 295, 0, 62, 0, 100, 0, @GOSSIP_MENU+22, 8, 0, 0, 4, 10765, 1, 0, 0, 0, 0, 7, 0, 0, 0, 0, 0, 0, 0, "Jukebox script"),
(@ENTRY, 0, 296, 0, 62, 0, 100, 0, @GOSSIP_MENU+17, 8, 0, 0, 4, 9794, 1, 0, 0, 0, 0, 7, 0, 0, 0, 0, 0, 0, 0, "Jukebox script"),
(@ENTRY, 0, 297, 0, 62, 0, 100, 0, @GOSSIP_MENU+16, 8, 0, 0, 4, 9901, 1, 0, 0, 0, 0, 7, 0, 0, 0, 0, 0, 0, 0, "Jukebox script"),
(@ENTRY, 0, 298, 0, 62, 0, 100, 0, @GOSSIP_MENU+15, 8, 0, 0, 4, 15039, 1, 0, 0, 0, 0, 7, 0, 0, 0, 0, 0, 0, 0, "Jukebox script"),
(@ENTRY, 0, 299, 0, 62, 0, 100, 0, @GOSSIP_MENU+14, 8, 0, 0, 4, 12160, 1, 0, 0, 0, 0, 7, 0, 0, 0, 0, 0, 0, 0, "Jukebox script"),
(@ENTRY, 0, 300, 0, 62, 0, 100, 0, @GOSSIP_MENU+13, 8, 0, 0, 4, 8884, 1, 0, 0, 0, 0, 7, 0, 0, 0, 0, 0, 0, 0, "Jukebox script"),
(@ENTRY, 0, 301, 0, 62, 0, 100, 0, @GOSSIP_MENU+12, 8, 0, 0, 4, 14953, 1, 0, 0, 0, 0, 7, 0, 0, 0, 0, 0, 0, 0, "Jukebox script"),
(@ENTRY, 0, 302, 0, 62, 0, 100, 0, @GOSSIP_MENU+11, 8, 0, 0, 4, 9786, 1, 0, 0, 0, 0, 7, 0, 0, 0, 0, 0, 0, 0, "Jukebox script"),
(@ENTRY, 0, 303, 0, 62, 0, 100, 0, @GOSSIP_MENU+10, 8, 0, 0, 4, 14894, 1, 0, 0, 0, 0, 7, 0, 0, 0, 0, 0, 0, 0, "Jukebox script"),
(@ENTRY, 0, 304, 0, 62, 0, 100, 0, @GOSSIP_MENU+9, 8, 0, 0, 4, 14853, 1, 0, 0, 0, 0, 7, 0, 0, 0, 0, 0, 0, 0, "Jukebox script"),
(@ENTRY, 0, 305, 0, 62, 0, 100, 0, @GOSSIP_MENU+7, 8, 0, 0, 4, 5376, 1, 0, 0, 0, 0, 7, 0, 0, 0, 0, 0, 0, 0, "Jukebox script"),
(@ENTRY, 0, 306, 0, 62, 0, 100, 0, @GOSSIP_MENU+38, 8, 0, 0, 4, 7341, 1, 0, 0, 0, 0, 7, 0, 0, 0, 0, 0, 0, 0, "Jukebox script"),
(@ENTRY, 0, 307, 0, 62, 0, 100, 0, @GOSSIP_MENU+6, 8, 0, 0, 4, 5474, 1, 0, 0, 0, 0, 7, 0, 0, 0, 0, 0, 0, 0, "Jukebox script"),
(@ENTRY, 0, 308, 0, 62, 0, 100, 0, @GOSSIP_MENU+5, 8, 0, 0, 4, 6078, 1, 0, 0, 0, 0, 7, 0, 0, 0, 0, 0, 0, 0, "Jukebox script"),
(@ENTRY, 0, 309, 0, 62, 0, 100, 0, @GOSSIP_MENU+4, 8, 0, 0, 4, 12319, 1, 0, 0, 0, 0, 7, 0, 0, 0, 0, 0, 0, 0, "Jukebox script"),
(@ENTRY, 0, 310, 0, 62, 0, 100, 0, @GOSSIP_MENU+37, 8, 0, 0, 4, 17320, 1, 0, 0, 0, 0, 7, 0, 0, 0, 0, 0, 0, 0, "Jukebox script"),
(@ENTRY, 0, 311, 0, 62, 0, 100, 0, @GOSSIP_MENU+2, 8, 0, 0, 4, 17459, 1, 0, 0, 0, 0, 7, 0, 0, 0, 0, 0, 0, 0, "Jukebox script"),
(@ENTRY, 0, 312, 0, 62, 0, 100, 0, @GOSSIP_MENU+1, 8, 0, 0, 4, 15861, 1, 0, 0, 0, 0, 7, 0, 0, 0, 0, 0, 0, 0, "Jukebox script"),
(@ENTRY, 0, 313, 0, 62, 0, 100, 0, @GOSSIP_MENU+45, 9, 0, 0, 4, 14841, 1, 0, 0, 0, 0, 7, 0, 0, 0, 0, 0, 0, 0, "Jukebox script"),
(@ENTRY, 0, 314, 0, 62, 0, 100, 0, @GOSSIP_MENU+33, 9, 0, 0, 4, 10623, 1, 0, 0, 0, 0, 7, 0, 0, 0, 0, 0, 0, 0, "Jukebox script"),
(@ENTRY, 0, 315, 0, 62, 0, 100, 0, @GOSSIP_MENU+44, 9, 0, 0, 4, 10609, 1, 0, 0, 0, 0, 7, 0, 0, 0, 0, 0, 0, 0, "Jukebox script"),
(@ENTRY, 0, 316, 0, 62, 0, 100, 0, @GOSSIP_MENU+34, 9, 0, 0, 4, 14877, 1, 0, 0, 0, 0, 7, 0, 0, 0, 0, 0, 0, 0, "Jukebox script"),
(@ENTRY, 0, 317, 0, 62, 0, 100, 0, @GOSSIP_MENU+42, 9, 0, 0, 4, 13111, 1, 0, 0, 0, 0, 7, 0, 0, 0, 0, 0, 0, 0, "Jukebox script"),
(@ENTRY, 0, 318, 0, 62, 0, 100, 0, @GOSSIP_MENU+43, 9, 0, 0, 4, 9062, 1, 0, 0, 0, 0, 7, 0, 0, 0, 0, 0, 0, 0, "Jukebox script"),
(@ENTRY, 0, 319, 0, 62, 0, 100, 0, @GOSSIP_MENU+41, 9, 0, 0, 4, 9909, 1, 0, 0, 0, 0, 7, 0, 0, 0, 0, 0, 0, 0, "Jukebox script"),
(@ENTRY, 0, 320, 0, 62, 0, 100, 0, @GOSSIP_MENU+40, 9, 0, 0, 4, 12769, 1, 0, 0, 0, 0, 7, 0, 0, 0, 0, 0, 0, 0, "Jukebox script"),
(@ENTRY, 0, 321, 0, 62, 0, 100, 0, @GOSSIP_MENU+32, 9, 0, 0, 4, 8750, 1, 0, 0, 0, 0, 7, 0, 0, 0, 0, 0, 0, 0, "Jukebox script"),
(@ENTRY, 0, 322, 0, 62, 0, 100, 0, @GOSSIP_MENU+31, 9, 0, 0, 4, 8538, 1, 0, 0, 0, 0, 7, 0, 0, 0, 0, 0, 0, 0, "Jukebox script"),
(@ENTRY, 0, 323, 0, 62, 0, 100, 0, @GOSSIP_MENU+29, 9, 0, 0, 4, 12529, 1, 0, 0, 0, 0, 7, 0, 0, 0, 0, 0, 0, 0, "Jukebox script"),
(@ENTRY, 0, 324, 0, 62, 0, 100, 0, @GOSSIP_MENU+24, 9, 0, 0, 4, 11705, 1, 0, 0, 0, 0, 7, 0, 0, 0, 0, 0, 0, 0, "Jukebox script"),
(@ENTRY, 0, 325, 0, 62, 0, 100, 0, @GOSSIP_MENU+22, 9, 0, 0, 4, 11657, 1, 0, 0, 0, 0, 7, 0, 0, 0, 0, 0, 0, 0, "Jukebox script"),
(@ENTRY, 0, 326, 0, 62, 0, 100, 0, @GOSSIP_MENU+17, 9, 0, 0, 4, 9789, 1, 0, 0, 0, 0, 7, 0, 0, 0, 0, 0, 0, 0, "Jukebox script"),
(@ENTRY, 0, 327, 0, 62, 0, 100, 0, @GOSSIP_MENU+16, 9, 0, 0, 4, 10867, 1, 0, 0, 0, 0, 7, 0, 0, 0, 0, 0, 0, 0, "Jukebox script"),
(@ENTRY, 0, 328, 0, 62, 0, 100, 0, @GOSSIP_MENU+14, 9, 0, 0, 4, 12163, 1, 0, 0, 0, 0, 7, 0, 0, 0, 0, 0, 0, 0, "Jukebox script"),
(@ENTRY, 0, 329, 0, 62, 0, 100, 0, @GOSSIP_MENU+13, 9, 0, 0, 4, 8687, 1, 0, 0, 0, 0, 7, 0, 0, 0, 0, 0, 0, 0, "Jukebox script"),
(@ENTRY, 0, 330, 0, 62, 0, 100, 0, @GOSSIP_MENU+12, 9, 0, 0, 4, 12824, 1, 0, 0, 0, 0, 7, 0, 0, 0, 0, 0, 0, 0, "Jukebox script"),
(@ENTRY, 0, 331, 0, 62, 0, 100, 0, @GOSSIP_MENU+11, 9, 0, 0, 4, 10606, 1, 0, 0, 0, 0, 7, 0, 0, 0, 0, 0, 0, 0, "Jukebox script"),
(@ENTRY, 0, 332, 0, 62, 0, 100, 0, @GOSSIP_MENU+9, 9, 0, 0, 4, 14921, 1, 0, 0, 0, 0, 7, 0, 0, 0, 0, 0, 0, 0, "Jukebox script"),
(@ENTRY, 0, 333, 0, 62, 0, 100, 0, @GOSSIP_MENU+7, 9, 0, 0, 4, 2533, 1, 0, 0, 0, 0, 7, 0, 0, 0, 0, 0, 0, 0, "Jukebox script"),
(@ENTRY, 0, 334, 0, 62, 0, 100, 0, @GOSSIP_MENU+38, 9, 0, 0, 4, 3900, 1, 0, 0, 0, 0, 7, 0, 0, 0, 0, 0, 0, 0, "Jukebox script"),
(@ENTRY, 0, 335, 0, 62, 0, 100, 0, @GOSSIP_MENU+6, 9, 0, 0, 4, 14964, 1, 0, 0, 0, 0, 7, 0, 0, 0, 0, 0, 0, 0, "Jukebox script"),
(@ENTRY, 0, 336, 0, 62, 0, 100, 0, @GOSSIP_MENU+5, 9, 0, 0, 4, 6079, 1, 0, 0, 0, 0, 7, 0, 0, 0, 0, 0, 0, 0, "Jukebox script"),
(@ENTRY, 0, 337, 0, 62, 0, 100, 0, @GOSSIP_MENU+4, 9, 0, 0, 4, 8440, 1, 0, 0, 0, 0, 7, 0, 0, 0, 0, 0, 0, 0, "Jukebox script"),
(@ENTRY, 0, 338, 0, 62, 0, 100, 0, @GOSSIP_MENU+37, 9, 0, 0, 4, 17291, 1, 0, 0, 0, 0, 7, 0, 0, 0, 0, 0, 0, 0, "Jukebox script"),
(@ENTRY, 0, 339, 0, 62, 0, 100, 0, @GOSSIP_MENU+2, 9, 0, 0, 4, 17458, 1, 0, 0, 0, 0, 7, 0, 0, 0, 0, 0, 0, 0, "Jukebox script"),
(@ENTRY, 0, 340, 0, 62, 0, 100, 0, @GOSSIP_MENU+1, 9, 0, 0, 4, 15856, 1, 0, 0, 0, 0, 7, 0, 0, 0, 0, 0, 0, 0, "Jukebox script"),
(@ENTRY, 0, 341, 0, 62, 0, 100, 0, @GOSSIP_MENU+45, 10, 0, 0, 4, 14866, 1, 0, 0, 0, 0, 7, 0, 0, 0, 0, 0, 0, 0, "Jukebox script"),
(@ENTRY, 0, 342, 0, 62, 0, 100, 0, @GOSSIP_MENU+33, 10, 0, 0, 4, 9012, 1, 0, 0, 0, 0, 7, 0, 0, 0, 0, 0, 0, 0, "Jukebox script"),
(@ENTRY, 0, 343, 0, 62, 0, 100, 0, @GOSSIP_MENU+44, 10, 0, 0, 4, 9002, 1, 0, 0, 0, 0, 7, 0, 0, 0, 0, 0, 0, 0, "Jukebox script"),
(@ENTRY, 0, 344, 0, 62, 0, 100, 0, @GOSSIP_MENU+34, 10, 0, 0, 4, 14876, 1, 0, 0, 0, 0, 7, 0, 0, 0, 0, 0, 0, 0, "Jukebox script"),
(@ENTRY, 0, 345, 0, 62, 0, 100, 0, @GOSSIP_MENU+43, 10, 0, 0, 4, 5034, 1, 0, 0, 0, 0, 7, 0, 0, 0, 0, 0, 0, 0, "Jukebox script"),
(@ENTRY, 0, 346, 0, 62, 0, 100, 0, @GOSSIP_MENU+42, 10, 0, 0, 4, 13112, 1, 0, 0, 0, 0, 7, 0, 0, 0, 0, 0, 0, 0, "Jukebox script"),
(@ENTRY, 0, 347, 0, 62, 0, 100, 0, @GOSSIP_MENU+41, 10, 0, 0, 4, 4196, 1, 0, 0, 0, 0, 7, 0, 0, 0, 0, 0, 0, 0, "Jukebox script"),
(@ENTRY, 0, 348, 0, 62, 0, 100, 0, @GOSSIP_MENU+40, 10, 0, 0, 4, 12553, 1, 0, 0, 0, 0, 7, 0, 0, 0, 0, 0, 0, 0, "Jukebox script"),
(@ENTRY, 0, 349, 0, 62, 0, 100, 0, @GOSSIP_MENU+32, 10, 0, 0, 4, 8751, 1, 0, 0, 0, 0, 7, 0, 0, 0, 0, 0, 0, 0, "Jukebox script"),
(@ENTRY, 0, 350, 0, 62, 0, 100, 0, @GOSSIP_MENU+31, 10, 0, 0, 4, 8536, 1, 0, 0, 0, 0, 7, 0, 0, 0, 0, 0, 0, 0, "Jukebox script"),
(@ENTRY, 0, 351, 0, 62, 0, 100, 0, @GOSSIP_MENU+29, 10, 0, 0, 4, 12292, 1, 0, 0, 0, 0, 7, 0, 0, 0, 0, 0, 0, 0, "Jukebox script"),
(@ENTRY, 0, 352, 0, 62, 0, 100, 0, @GOSSIP_MENU+24, 10, 0, 0, 4, 11716, 1, 0, 0, 0, 0, 7, 0, 0, 0, 0, 0, 0, 0, "Jukebox script"),
(@ENTRY, 0, 353, 0, 62, 0, 100, 0, @GOSSIP_MENU+22, 10, 0, 0, 4, 11731, 1, 0, 0, 0, 0, 7, 0, 0, 0, 0, 0, 0, 0, "Jukebox script"),
(@ENTRY, 0, 354, 0, 62, 0, 100, 0, @GOSSIP_MENU+17, 10, 0, 0, 4, 9791, 1, 0, 0, 0, 0, 7, 0, 0, 0, 0, 0, 0, 0, "Jukebox script"),
(@ENTRY, 0, 355, 0, 62, 0, 100, 0, @GOSSIP_MENU+16, 10, 0, 0, 4, 10877, 1, 0, 0, 0, 0, 7, 0, 0, 0, 0, 0, 0, 0, "Jukebox script"),
(@ENTRY, 0, 356, 0, 62, 0, 100, 0, @GOSSIP_MENU+14, 10, 0, 0, 4, 12158, 1, 0, 0, 0, 0, 7, 0, 0, 0, 0, 0, 0, 0, "Jukebox script"),
(@ENTRY, 0, 357, 0, 62, 0, 100, 0, @GOSSIP_MENU+13, 10, 0, 0, 4, 14961, 1, 0, 0, 0, 0, 7, 0, 0, 0, 0, 0, 0, 0, "Jukebox script"),
(@ENTRY, 0, 358, 0, 62, 0, 100, 0, @GOSSIP_MENU+12, 10, 0, 0, 4, 12825, 1, 0, 0, 0, 0, 7, 0, 0, 0, 0, 0, 0, 0, "Jukebox script"),
(@ENTRY, 0, 359, 0, 62, 0, 100, 0, @GOSSIP_MENU+11, 10, 0, 0, 4, 10616, 1, 0, 0, 0, 0, 7, 0, 0, 0, 0, 0, 0, 0, "Jukebox script"),
(@ENTRY, 0, 360, 0, 62, 0, 100, 0, @GOSSIP_MENU+7, 10, 0, 0, 4, 2524, 1, 0, 0, 0, 0, 7, 0, 0, 0, 0, 0, 0, 0, "Jukebox script"),
(@ENTRY, 0, 361, 0, 62, 0, 100, 0, @GOSSIP_MENU+38, 10, 0, 0, 4, 3920, 1, 0, 0, 0, 0, 7, 0, 0, 0, 0, 0, 0, 0, "Jukebox script"),
(@ENTRY, 0, 362, 0, 62, 0, 100, 0, @GOSSIP_MENU+6, 10, 0, 0, 4, 2532, 1, 0, 0, 0, 0, 7, 0, 0, 0, 0, 0, 0, 0, "Jukebox script"),
(@ENTRY, 0, 363, 0, 62, 0, 100, 0, @GOSSIP_MENU+5, 10, 0, 0, 4, 6253, 1, 0, 0, 0, 0, 7, 0, 0, 0, 0, 0, 0, 0, "Jukebox script"),
(@ENTRY, 0, 364, 0, 62, 0, 100, 0, @GOSSIP_MENU+4, 10, 0, 0, 4, 13354, 1, 0, 0, 0, 0, 7, 0, 0, 0, 0, 0, 0, 0, "Jukebox script"),
(@ENTRY, 0, 365, 0, 62, 0, 100, 0, @GOSSIP_MENU+37, 10, 0, 0, 4, 17302, 1, 0, 0, 0, 0, 7, 0, 0, 0, 0, 0, 0, 0, "Jukebox script"),
(@ENTRY, 0, 366, 0, 62, 0, 100, 0, @GOSSIP_MENU+2, 10, 0, 0, 4, 17457, 1, 0, 0, 0, 0, 7, 0, 0, 0, 0, 0, 0, 0, "Jukebox script"),
(@ENTRY, 0, 367, 0, 62, 0, 100, 0, @GOSSIP_MENU+1, 10, 0, 0, 4, 15867, 1, 0, 0, 0, 0, 7, 0, 0, 0, 0, 0, 0, 0, "Jukebox script"),
(@ENTRY, 0, 368, 0, 62, 0, 100, 0, @GOSSIP_MENU+45, 11, 0, 0, 4, 14867, 1, 0, 0, 0, 0, 7, 0, 0, 0, 0, 0, 0, 0, "Jukebox script"),
(@ENTRY, 0, 369, 0, 62, 0, 100, 0, @GOSSIP_MENU+33, 11, 0, 0, 4, 9013, 1, 0, 0, 0, 0, 7, 0, 0, 0, 0, 0, 0, 0, "Jukebox script"),
(@ENTRY, 0, 370, 0, 62, 0, 100, 0, @GOSSIP_MENU+44, 11, 0, 0, 4, 9281, 1, 0, 0, 0, 0, 7, 0, 0, 0, 0, 0, 0, 0, "Jukebox script"),
(@ENTRY, 0, 371, 0, 62, 0, 100, 0, @GOSSIP_MENU+34, 11, 0, 0, 4, 14843, 1, 0, 0, 0, 0, 7, 0, 0, 0, 0, 0, 0, 0, "Jukebox script"),
(@ENTRY, 0, 372, 0, 62, 0, 100, 0, @GOSSIP_MENU+43, 11, 0, 0, 4, 13126, 1, 0, 0, 0, 0, 7, 0, 0, 0, 0, 0, 0, 0, "Jukebox script"),
(@ENTRY, 0, 373, 0, 62, 0, 100, 0, @GOSSIP_MENU+42, 11, 0, 0, 4, 4180, 1, 0, 0, 0, 0, 7, 0, 0, 0, 0, 0, 0, 0, "Jukebox script"),
(@ENTRY, 0, 374, 0, 62, 0, 100, 0, @GOSSIP_MENU+41, 11, 0, 0, 4, 9907, 1, 0, 0, 0, 0, 7, 0, 0, 0, 0, 0, 0, 0, "Jukebox script"),
(@ENTRY, 0, 375, 0, 62, 0, 100, 0, @GOSSIP_MENU+40, 11, 0, 0, 4, 12556, 1, 0, 0, 0, 0, 7, 0, 0, 0, 0, 0, 0, 0, "Jukebox script"),
(@ENTRY, 0, 376, 0, 62, 0, 100, 0, @GOSSIP_MENU+32, 11, 0, 0, 4, 4164, 1, 0, 0, 0, 0, 7, 0, 0, 0, 0, 0, 0, 0, "Jukebox script"),
(@ENTRY, 0, 377, 0, 62, 0, 100, 0, @GOSSIP_MENU+31, 11, 0, 0, 4, 8537, 1, 0, 0, 0, 0, 7, 0, 0, 0, 0, 0, 0, 0, "Jukebox script"),
(@ENTRY, 0, 378, 0, 62, 0, 100, 0, @GOSSIP_MENU+29, 11, 0, 0, 4, 12291, 1, 0, 0, 0, 0, 7, 0, 0, 0, 0, 0, 0, 0, "Jukebox script"),
(@ENTRY, 0, 379, 0, 62, 0, 100, 0, @GOSSIP_MENU+24, 11, 0, 0, 4, 11702, 1, 0, 0, 0, 0, 7, 0, 0, 0, 0, 0, 0, 0, "Jukebox script"),
(@ENTRY, 0, 380, 0, 62, 0, 100, 0, @GOSSIP_MENU+22, 11, 0, 0, 4, 11650, 1, 0, 0, 0, 0, 7, 0, 0, 0, 0, 0, 0, 0, "Jukebox script"),
(@ENTRY, 0, 381, 0, 62, 0, 100, 0, @GOSSIP_MENU+17, 11, 0, 0, 4, 9790, 1, 0, 0, 0, 0, 7, 0, 0, 0, 0, 0, 0, 0, "Jukebox script"),
(@ENTRY, 0, 382, 0, 62, 0, 100, 0, @GOSSIP_MENU+14, 11, 0, 0, 4, 12169, 1, 0, 0, 0, 0, 7, 0, 0, 0, 0, 0, 0, 0, "Jukebox script"),
(@ENTRY, 0, 383, 0, 62, 0, 100, 0, @GOSSIP_MENU+11, 11, 0, 0, 4, 10617, 1, 0, 0, 0, 0, 7, 0, 0, 0, 0, 0, 0, 0, "Jukebox script"),
(@ENTRY, 0, 384, 0, 62, 0, 100, 0, @GOSSIP_MENU+7, 11, 0, 0, 4, 2534, 1, 0, 0, 0, 0, 7, 0, 0, 0, 0, 0, 0, 0, "Jukebox script"),
(@ENTRY, 0, 385, 0, 62, 0, 100, 0, @GOSSIP_MENU+38, 11, 0, 0, 4, 7794, 1, 0, 0, 0, 0, 7, 0, 0, 0, 0, 0, 0, 0, "Jukebox script"),
(@ENTRY, 0, 386, 0, 62, 0, 100, 0, @GOSSIP_MENU+6, 11, 0, 0, 4, 6794, 1, 0, 0, 0, 0, 7, 0, 0, 0, 0, 0, 0, 0, "Jukebox script"),
(@ENTRY, 0, 387, 0, 62, 0, 100, 0, @GOSSIP_MENU+5, 11, 0, 0, 4, 6350, 1, 0, 0, 0, 0, 7, 0, 0, 0, 0, 0, 0, 0, "Jukebox script"),
(@ENTRY, 0, 388, 0, 62, 0, 100, 0, @GOSSIP_MENU+4, 11, 0, 0, 4, 12325, 1, 0, 0, 0, 0, 7, 0, 0, 0, 0, 0, 0, 0, "Jukebox script"),
(@ENTRY, 0, 389, 0, 62, 0, 100, 0, @GOSSIP_MENU+37, 11, 0, 0, 4, 17293, 1, 0, 0, 0, 0, 7, 0, 0, 0, 0, 0, 0, 0, "Jukebox script"),
(@ENTRY, 0, 390, 0, 62, 0, 100, 0, @GOSSIP_MENU+2, 11, 0, 0, 4, 17460, 1, 0, 0, 0, 0, 7, 0, 0, 0, 0, 0, 0, 0, "Jukebox script"),
(@ENTRY, 0, 391, 0, 62, 0, 100, 0, @GOSSIP_MENU+1, 11, 0, 0, 4, 15864, 1, 0, 0, 0, 0, 7, 0, 0, 0, 0, 0, 0, 0, "Jukebox script"),
(@ENTRY, 0, 392, 0, 62, 0, 100, 0, @GOSSIP_MENU+45, 12, 0, 0, 4, 14847, 1, 0, 0, 0, 0, 7, 0, 0, 0, 0, 0, 0, 0, "Jukebox script"),
(@ENTRY, 0, 393, 0, 62, 0, 100, 0, @GOSSIP_MENU+33, 12, 0, 0, 4, 15059, 1, 0, 0, 0, 0, 7, 0, 0, 0, 0, 0, 0, 0, "Jukebox script"),
(@ENTRY, 0, 394, 0, 62, 0, 100, 0, @GOSSIP_MENU+44, 12, 0, 0, 4, 12133, 1, 0, 0, 0, 0, 7, 0, 0, 0, 0, 0, 0, 0, "Jukebox script"),
(@ENTRY, 0, 395, 0, 62, 0, 100, 0, @GOSSIP_MENU+34, 12, 0, 0, 4, 14854, 1, 0, 0, 0, 0, 7, 0, 0, 0, 0, 0, 0, 0, "Jukebox script"),
(@ENTRY, 0, 396, 0, 62, 0, 100, 0, @GOSSIP_MENU+43, 12, 0, 0, 4, 8951, 1, 0, 0, 0, 0, 7, 0, 0, 0, 0, 0, 0, 0, "Jukebox script"),
(@ENTRY, 0, 397, 0, 62, 0, 100, 0, @GOSSIP_MENU+42, 12, 0, 0, 4, 4181, 1, 0, 0, 0, 0, 7, 0, 0, 0, 0, 0, 0, 0, "Jukebox script"),
(@ENTRY, 0, 398, 0, 62, 0, 100, 0, @GOSSIP_MENU+41, 12, 0, 0, 4, 4197, 1, 0, 0, 0, 0, 7, 0, 0, 0, 0, 0, 0, 0, "Jukebox script"),
(@ENTRY, 0, 399, 0, 62, 0, 100, 0, @GOSSIP_MENU+40, 12, 0, 0, 4, 12768, 1, 0, 0, 0, 0, 7, 0, 0, 0, 0, 0, 0, 0, "Jukebox script"),
(@ENTRY, 0, 400, 0, 62, 0, 100, 0, @GOSSIP_MENU+32, 12, 0, 0, 4, 4165, 1, 0, 0, 0, 0, 7, 0, 0, 0, 0, 0, 0, 0, "Jukebox script"),
(@ENTRY, 0, 401, 0, 62, 0, 100, 0, @GOSSIP_MENU+31, 12, 0, 0, 4, 4160, 1, 0, 0, 0, 0, 7, 0, 0, 0, 0, 0, 0, 0, "Jukebox script"),
(@ENTRY, 0, 402, 0, 62, 0, 100, 0, @GOSSIP_MENU+29, 12, 0, 0, 4, 10730, 1, 0, 0, 0, 0, 7, 0, 0, 0, 0, 0, 0, 0, "Jukebox script"),
(@ENTRY, 0, 403, 0, 62, 0, 100, 0, @GOSSIP_MENU+24, 12, 0, 0, 4, 11720, 1, 0, 0, 0, 0, 7, 0, 0, 0, 0, 0, 0, 0, "Jukebox script"),
(@ENTRY, 0, 404, 0, 62, 0, 100, 0, @GOSSIP_MENU+22, 12, 0, 0, 4, 11651, 1, 0, 0, 0, 0, 7, 0, 0, 0, 0, 0, 0, 0, "Jukebox script"),
(@ENTRY, 0, 405, 0, 62, 0, 100, 0, @GOSSIP_MENU+17, 12, 0, 0, 4, 9792, 1, 0, 0, 0, 0, 7, 0, 0, 0, 0, 0, 0, 0, "Jukebox script"),
(@ENTRY, 0, 406, 0, 62, 0, 100, 0, @GOSSIP_MENU+14, 12, 0, 0, 4, 12166, 1, 0, 0, 0, 0, 7, 0, 0, 0, 0, 0, 0, 0, "Jukebox script"),
(@ENTRY, 0, 407, 0, 62, 0, 100, 0, @GOSSIP_MENU+11, 12, 0, 0, 4, 10901, 1, 0, 0, 0, 0, 7, 0, 0, 0, 0, 0, 0, 0, "Jukebox script"),
(@ENTRY, 0, 408, 0, 62, 0, 100, 0, @GOSSIP_MENU+7, 12, 0, 0, 4, 2530, 1, 0, 0, 0, 0, 7, 0, 0, 0, 0, 0, 0, 0, "Jukebox script"),
(@ENTRY, 0, 409, 0, 62, 0, 100, 0, @GOSSIP_MENU+38, 12, 0, 0, 4, 4434, 1, 0, 0, 0, 0, 7, 0, 0, 0, 0, 0, 0, 0, "Jukebox script"),
(@ENTRY, 0, 410, 0, 62, 0, 100, 0, @GOSSIP_MENU+6, 12, 0, 0, 4, 5294, 1, 0, 0, 0, 0, 7, 0, 0, 0, 0, 0, 0, 0, "Jukebox script"),
(@ENTRY, 0, 411, 0, 62, 0, 100, 0, @GOSSIP_MENU+5, 12, 0, 0, 4, 10896, 1, 0, 0, 0, 0, 7, 0, 0, 0, 0, 0, 0, 0, "Jukebox script"),
(@ENTRY, 0, 412, 0, 62, 0, 100, 0, @GOSSIP_MENU+4, 12, 0, 0, 4, 17486, 1, 0, 0, 0, 0, 7, 0, 0, 0, 0, 0, 0, 0, "Jukebox script"),
(@ENTRY, 0, 413, 0, 62, 0, 100, 0, @GOSSIP_MENU+37, 12, 0, 0, 4, 17303, 1, 0, 0, 0, 0, 7, 0, 0, 0, 0, 0, 0, 0, "Jukebox script"),
(@ENTRY, 0, 414, 0, 62, 0, 100, 0, @GOSSIP_MENU+2, 12, 0, 0, 4, 17289, 1, 0, 0, 0, 0, 7, 0, 0, 0, 0, 0, 0, 0, "Jukebox script"),
(@ENTRY, 0, 415, 0, 62, 0, 100, 0, @GOSSIP_MENU+1, 12, 0, 0, 4, 15870, 1, 0, 0, 0, 0, 7, 0, 0, 0, 0, 0, 0, 0, "Jukebox script"),
(@ENTRY, 0, 416, 0, 62, 0, 100, 0, @GOSSIP_MENU+45, 13, 0, 0, 4, 14846, 1, 0, 0, 0, 0, 7, 0, 0, 0, 0, 0, 0, 0, "Jukebox script"),
(@ENTRY, 0, 417, 0, 62, 0, 100, 0, @GOSSIP_MENU+33, 13, 0, 0, 4, 15060, 1, 0, 0, 0, 0, 7, 0, 0, 0, 0, 0, 0, 0, "Jukebox script"),
(@ENTRY, 0, 418, 0, 62, 0, 100, 0, @GOSSIP_MENU+44, 13, 0, 0, 4, 12134, 1, 0, 0, 0, 0, 7, 0, 0, 0, 0, 0, 0, 0, "Jukebox script"),
(@ENTRY, 0, 419, 0, 62, 0, 100, 0, @GOSSIP_MENU+34, 13, 0, 0, 4, 14853, 1, 0, 0, 0, 0, 7, 0, 0, 0, 0, 0, 0, 0, "Jukebox script"),
(@ENTRY, 0, 420, 0, 62, 0, 100, 0, @GOSSIP_MENU+43, 13, 0, 0, 4, 8952, 1, 0, 0, 0, 0, 7, 0, 0, 0, 0, 0, 0, 0, "Jukebox script"),
(@ENTRY, 0, 421, 0, 62, 0, 100, 0, @GOSSIP_MENU+42, 13, 0, 0, 4, 8953, 1, 0, 0, 0, 0, 7, 0, 0, 0, 0, 0, 0, 0, "Jukebox script"),
(@ENTRY, 0, 422, 0, 62, 0, 100, 0, @GOSSIP_MENU+41, 13, 0, 0, 4, 8748, 1, 0, 0, 0, 0, 7, 0, 0, 0, 0, 0, 0, 0, "Jukebox script"),
(@ENTRY, 0, 423, 0, 62, 0, 100, 0, @GOSSIP_MENU+40, 13, 0, 0, 4, 13375, 1, 0, 0, 0, 0, 7, 0, 0, 0, 0, 0, 0, 0, "Jukebox script"),
(@ENTRY, 0, 424, 0, 62, 0, 100, 0, @GOSSIP_MENU+32, 13, 0, 0, 4, 10162, 1, 0, 0, 0, 0, 7, 0, 0, 0, 0, 0, 0, 0, "Jukebox script"),
(@ENTRY, 0, 425, 0, 62, 0, 100, 0, @GOSSIP_MENU+31, 13, 0, 0, 4, 3820, 1, 0, 0, 0, 0, 7, 0, 0, 0, 0, 0, 0, 0, "Jukebox script"),
(@ENTRY, 0, 426, 0, 62, 0, 100, 0, @GOSSIP_MENU+29, 13, 0, 0, 4, 15065, 1, 0, 0, 0, 0, 7, 0, 0, 0, 0, 0, 0, 0, "Jukebox script"),
(@ENTRY, 0, 427, 0, 62, 0, 100, 0, @GOSSIP_MENU+24, 13, 0, 0, 4, 11710, 1, 0, 0, 0, 0, 7, 0, 0, 0, 0, 0, 0, 0, "Jukebox script"),
(@ENTRY, 0, 428, 0, 62, 0, 100, 0, @GOSSIP_MENU+22, 13, 0, 0, 4, 11652, 1, 0, 0, 0, 0, 7, 0, 0, 0, 0, 0, 0, 0, "Jukebox script"),
(@ENTRY, 0, 429, 0, 62, 0, 100, 0, @GOSSIP_MENU+11, 13, 0, 0, 4, 10885, 1, 0, 0, 0, 0, 7, 0, 0, 0, 0, 0, 0, 0, "Jukebox script"),
(@ENTRY, 0, 430, 0, 62, 0, 100, 0, @GOSSIP_MENU+7, 13, 0, 0, 4, 2540, 1, 0, 0, 0, 0, 7, 0, 0, 0, 0, 0, 0, 0, "Jukebox script"),
(@ENTRY, 0, 431, 0, 62, 0, 100, 0, @GOSSIP_MENU+38, 13, 0, 0, 4, 5354, 1, 0, 0, 0, 0, 7, 0, 0, 0, 0, 0, 0, 0, "Jukebox script"),
(@ENTRY, 0, 432, 0, 62, 0, 100, 0, @GOSSIP_MENU+6, 13, 0, 0, 4, 6837, 1, 0, 0, 0, 0, 7, 0, 0, 0, 0, 0, 0, 0, "Jukebox script"),
(@ENTRY, 0, 433, 0, 62, 0, 100, 0, @GOSSIP_MENU+5, 13, 0, 0, 4, 10925, 1, 0, 0, 0, 0, 7, 0, 0, 0, 0, 0, 0, 0, "Jukebox script"),
(@ENTRY, 0, 434, 0, 62, 0, 100, 0, @GOSSIP_MENU+4, 13, 0, 0, 4, 17487, 1, 0, 0, 0, 0, 7, 0, 0, 0, 0, 0, 0, 0, "Jukebox script"),
(@ENTRY, 0, 435, 0, 62, 0, 100, 0, @GOSSIP_MENU+37, 13, 0, 0, 4, 17294, 1, 0, 0, 0, 0, 7, 0, 0, 0, 0, 0, 0, 0, "Jukebox script"),
(@ENTRY, 0, 436, 0, 62, 0, 100, 0, @GOSSIP_MENU+2, 13, 0, 0, 4, 17346, 1, 0, 0, 0, 0, 7, 0, 0, 0, 0, 0, 0, 0, "Jukebox script"),
(@ENTRY, 0, 437, 0, 62, 0, 100, 0, @GOSSIP_MENU+45, 14, 0, 0, 4, 14845, 1, 0, 0, 0, 0, 7, 0, 0, 0, 0, 0, 0, 0, "Jukebox script"),
(@ENTRY, 0, 438, 0, 62, 0, 100, 0, @GOSSIP_MENU+33, 14, 0, 0, 4, 15058, 1, 0, 0, 0, 0, 7, 0, 0, 0, 0, 0, 0, 0, "Jukebox script"),
(@ENTRY, 0, 439, 0, 62, 0, 100, 0, @GOSSIP_MENU+44, 14, 0, 0, 4, 12135, 1, 0, 0, 0, 0, 7, 0, 0, 0, 0, 0, 0, 0, "Jukebox script"),
(@ENTRY, 0, 440, 0, 62, 0, 100, 0, @GOSSIP_MENU+34, 14, 0, 0, 4, 14848, 1, 0, 0, 0, 0, 7, 0, 0, 0, 0, 0, 0, 0, "Jukebox script"),
(@ENTRY, 0, 441, 0, 62, 0, 100, 0, @GOSSIP_MENU+43, 14, 0, 0, 4, 13875, 1, 0, 0, 0, 0, 7, 0, 0, 0, 0, 0, 0, 0, "Jukebox script"),
(@ENTRY, 0, 442, 0, 62, 0, 100, 0, @GOSSIP_MENU+42, 14, 0, 0, 4, 8954, 1, 0, 0, 0, 0, 7, 0, 0, 0, 0, 0, 0, 0, "Jukebox script"),
(@ENTRY, 0, 443, 0, 62, 0, 100, 0, @GOSSIP_MENU+41, 14, 0, 0, 4, 9048, 1, 0, 0, 0, 0, 7, 0, 0, 0, 0, 0, 0, 0, "Jukebox script"),
(@ENTRY, 0, 444, 0, 62, 0, 100, 0, @GOSSIP_MENU+40, 14, 0, 0, 4, 13376, 1, 0, 0, 0, 0, 7, 0, 0, 0, 0, 0, 0, 0, "Jukebox script"),
(@ENTRY, 0, 445, 0, 62, 0, 100, 0, @GOSSIP_MENU+32, 14, 0, 0, 4, 10141, 1, 0, 0, 0, 0, 7, 0, 0, 0, 0, 0, 0, 0, "Jukebox script"),
(@ENTRY, 0, 446, 0, 62, 0, 100, 0, @GOSSIP_MENU+31, 14, 0, 0, 4, 4209, 1, 0, 0, 0, 0, 7, 0, 0, 0, 0, 0, 0, 0, "Jukebox script"),
(@ENTRY, 0, 447, 0, 62, 0, 100, 0, @GOSSIP_MENU+29, 14, 0, 0, 4, 14997, 1, 0, 0, 0, 0, 7, 0, 0, 0, 0, 0, 0, 0, "Jukebox script"),
(@ENTRY, 0, 448, 0, 62, 0, 100, 0, @GOSSIP_MENU+24, 14, 0, 0, 4, 11700, 1, 0, 0, 0, 0, 7, 0, 0, 0, 0, 0, 0, 0, "Jukebox script"),
(@ENTRY, 0, 449, 0, 62, 0, 100, 0, @GOSSIP_MENU+22, 14, 0, 0, 4, 11653, 1, 0, 0, 0, 0, 7, 0, 0, 0, 0, 0, 0, 0, "Jukebox script"),
(@ENTRY, 0, 450, 0, 62, 0, 100, 0, @GOSSIP_MENU+11, 14, 0, 0, 4, 10613, 1, 0, 0, 0, 0, 7, 0, 0, 0, 0, 0, 0, 0, "Jukebox script"),
(@ENTRY, 0, 451, 0, 62, 0, 100, 0, @GOSSIP_MENU+7, 14, 0, 0, 4, 4754, 1, 0, 0, 0, 0, 7, 0, 0, 0, 0, 0, 0, 0, "Jukebox script"),
(@ENTRY, 0, 452, 0, 62, 0, 100, 0, @GOSSIP_MENU+38, 14, 0, 0, 4, 12137, 1, 0, 0, 0, 0, 7, 0, 0, 0, 0, 0, 0, 0, "Jukebox script"),
(@ENTRY, 0, 453, 0, 62, 0, 100, 0, @GOSSIP_MENU+6, 14, 0, 0, 4, 2541, 1, 0, 0, 0, 0, 7, 0, 0, 0, 0, 0, 0, 0, "Jukebox script"),
(@ENTRY, 0, 454, 0, 62, 0, 100, 0, @GOSSIP_MENU+5, 14, 0, 0, 4, 12765, 1, 0, 0, 0, 0, 7, 0, 0, 0, 0, 0, 0, 0, "Jukebox script"),
(@ENTRY, 0, 455, 0, 62, 0, 100, 0, @GOSSIP_MENU+4, 14, 0, 0, 4, 17485, 1, 0, 0, 0, 0, 7, 0, 0, 0, 0, 0, 0, 0, "Jukebox script"),
(@ENTRY, 0, 456, 0, 62, 0, 100, 0, @GOSSIP_MENU+37, 14, 0, 0, 4, 17313, 1, 0, 0, 0, 0, 7, 0, 0, 0, 0, 0, 0, 0, "Jukebox script"),
(@ENTRY, 0, 457, 0, 62, 0, 100, 0, @GOSSIP_MENU+2, 14, 0, 0, 4, 17283, 1, 0, 0, 0, 0, 7, 0, 0, 0, 0, 0, 0, 0, "Jukebox script"),
(@ENTRY, 0, 458, 0, 62, 0, 100, 0, @GOSSIP_MENU+45, 15, 0, 0, 4, 14850, 1, 0, 0, 0, 0, 7, 0, 0, 0, 0, 0, 0, 0, "Jukebox script"),
(@ENTRY, 0, 459, 0, 62, 0, 100, 0, @GOSSIP_MENU+44, 15, 0, 0, 4, 10726, 1, 0, 0, 0, 0, 7, 0, 0, 0, 0, 0, 0, 0, "Jukebox script"),
(@ENTRY, 0, 460, 0, 62, 0, 100, 0, @GOSSIP_MENU+34, 15, 0, 0, 4, 14851, 1, 0, 0, 0, 0, 7, 0, 0, 0, 0, 0, 0, 0, "Jukebox script"),
(@ENTRY, 0, 461, 0, 62, 0, 100, 0, @GOSSIP_MENU+43, 15, 0, 0, 4, 12755, 1, 0, 0, 0, 0, 7, 0, 0, 0, 0, 0, 0, 0, "Jukebox script"),
(@ENTRY, 0, 462, 0, 62, 0, 100, 0, @GOSSIP_MENU+42, 15, 0, 0, 4, 9984, 1, 0, 0, 0, 0, 7, 0, 0, 0, 0, 0, 0, 0, "Jukebox script"),
(@ENTRY, 0, 463, 0, 62, 0, 100, 0, @GOSSIP_MENU+41, 15, 0, 0, 4, 8749, 1, 0, 0, 0, 0, 7, 0, 0, 0, 0, 0, 0, 0, "Jukebox script"),
(@ENTRY, 0, 464, 0, 62, 0, 100, 0, @GOSSIP_MENU+40, 15, 0, 0, 4, 13377, 1, 0, 0, 0, 0, 7, 0, 0, 0, 0, 0, 0, 0, "Jukebox script"),
(@ENTRY, 0, 465, 0, 62, 0, 100, 0, @GOSSIP_MENU+32, 15, 0, 0, 4, 10140, 1, 0, 0, 0, 0, 7, 0, 0, 0, 0, 0, 0, 0, "Jukebox script"),
(@ENTRY, 0, 466, 0, 62, 0, 100, 0, @GOSSIP_MENU+29, 15, 0, 0, 4, 15062, 1, 0, 0, 0, 0, 7, 0, 0, 0, 0, 0, 0, 0, "Jukebox script"),
(@ENTRY, 0, 467, 0, 62, 0, 100, 0, @GOSSIP_MENU+24, 15, 0, 0, 4, 11719, 1, 0, 0, 0, 0, 7, 0, 0, 0, 0, 0, 0, 0, "Jukebox script"),
(@ENTRY, 0, 468, 0, 62, 0, 100, 0, @GOSSIP_MENU+22, 15, 0, 0, 4, 10731, 1, 0, 0, 0, 0, 7, 0, 0, 0, 0, 0, 0, 0, "Jukebox script"),
(@ENTRY, 0, 469, 0, 62, 0, 100, 0, @GOSSIP_MENU+11, 15, 0, 0, 4, 10607, 1, 0, 0, 0, 0, 7, 0, 0, 0, 0, 0, 0, 0, "Jukebox script"),
(@ENTRY, 0, 470, 0, 62, 0, 100, 0, @GOSSIP_MENU+7, 15, 0, 0, 4, 5394, 1, 0, 0, 0, 0, 7, 0, 0, 0, 0, 0, 0, 0, "Jukebox script"),
(@ENTRY, 0, 471, 0, 62, 0, 100, 0, @GOSSIP_MENU+38, 15, 0, 0, 4, 12329, 1, 0, 0, 0, 0, 7, 0, 0, 0, 0, 0, 0, 0, "Jukebox script"),
(@ENTRY, 0, 472, 0, 62, 0, 100, 0, @GOSSIP_MENU+6, 15, 0, 0, 4, 6734, 1, 0, 0, 0, 0, 7, 0, 0, 0, 0, 0, 0, 0, "Jukebox script"),
(@ENTRY, 0, 473, 0, 62, 0, 100, 0, @GOSSIP_MENU+5, 15, 0, 0, 4, 10924, 1, 0, 0, 0, 0, 7, 0, 0, 0, 0, 0, 0, 0, "Jukebox script"),
(@ENTRY, 0, 474, 0, 62, 0, 100, 0, @GOSSIP_MENU+4, 15, 0, 0, 4, 17673, 1, 0, 0, 0, 0, 7, 0, 0, 0, 0, 0, 0, 0, "Jukebox script"),
(@ENTRY, 0, 475, 0, 62, 0, 100, 0, @GOSSIP_MENU+37, 15, 0, 0, 4, 17314, 1, 0, 0, 0, 0, 7, 0, 0, 0, 0, 0, 0, 0, "Jukebox script"),
(@ENTRY, 0, 476, 0, 62, 0, 100, 0, @GOSSIP_MENU+2, 15, 0, 0, 4, 17285, 1, 0, 0, 0, 0, 7, 0, 0, 0, 0, 0, 0, 0, "Jukebox script"),
(@ENTRY, 0, 477, 0, 62, 0, 100, 0, @GOSSIP_MENU+45, 16, 0, 0, 4, 14849, 1, 0, 0, 0, 0, 7, 0, 0, 0, 0, 0, 0, 0, "Jukebox script"),
(@ENTRY, 0, 478, 0, 62, 0, 100, 0, @GOSSIP_MENU+44, 16, 0, 0, 4, 9149, 1, 0, 0, 0, 0, 7, 0, 0, 0, 0, 0, 0, 0, "Jukebox script"),
(@ENTRY, 0, 479, 0, 62, 0, 100, 0, @GOSSIP_MENU+34, 16, 0, 0, 4, 14852, 1, 0, 0, 0, 0, 7, 0, 0, 0, 0, 0, 0, 0, "Jukebox script"),
(@ENTRY, 0, 480, 0, 62, 0, 100, 0, @GOSSIP_MENU+43, 16, 0, 0, 4, 15295, 1, 0, 0, 0, 0, 7, 0, 0, 0, 0, 0, 0, 0, "Jukebox script"),
(@ENTRY, 0, 481, 0, 62, 0, 100, 0, @GOSSIP_MENU+42, 16, 0, 0, 4, 12772, 1, 0, 0, 0, 0, 7, 0, 0, 0, 0, 0, 0, 0, "Jukebox script"),
(@ENTRY, 0, 482, 0, 62, 0, 100, 0, @GOSSIP_MENU+41, 16, 0, 0, 4, 9049, 1, 0, 0, 0, 0, 7, 0, 0, 0, 0, 0, 0, 0, "Jukebox script"),
(@ENTRY, 0, 483, 0, 62, 0, 100, 0, @GOSSIP_MENU+40, 16, 0, 0, 4, 13378, 1, 0, 0, 0, 0, 7, 0, 0, 0, 0, 0, 0, 0, "Jukebox script"),
(@ENTRY, 0, 484, 0, 62, 0, 100, 0, @GOSSIP_MENU+32, 16, 0, 0, 4, 10142, 1, 0, 0, 0, 0, 7, 0, 0, 0, 0, 0, 0, 0, "Jukebox script"),
(@ENTRY, 0, 485, 0, 62, 0, 100, 0, @GOSSIP_MENU+29, 16, 0, 0, 4, 12565, 1, 0, 0, 0, 0, 7, 0, 0, 0, 0, 0, 0, 0, "Jukebox script"),
(@ENTRY, 0, 486, 0, 62, 0, 100, 0, @GOSSIP_MENU+24, 16, 0, 0, 4, 11711, 1, 0, 0, 0, 0, 7, 0, 0, 0, 0, 0, 0, 0, "Jukebox script"),
(@ENTRY, 0, 487, 0, 62, 0, 100, 0, @GOSSIP_MENU+22, 16, 0, 0, 4, 10769, 1, 0, 0, 0, 0, 7, 0, 0, 0, 0, 0, 0, 0, "Jukebox script"),
(@ENTRY, 0, 488, 0, 62, 0, 100, 0, @GOSSIP_MENU+11, 16, 0, 0, 4, 10702, 1, 0, 0, 0, 0, 7, 0, 0, 0, 0, 0, 0, 0, "Jukebox script"),
(@ENTRY, 0, 489, 0, 62, 0, 100, 0, @GOSSIP_MENU+7, 16, 0, 0, 4, 4755, 1, 0, 0, 0, 0, 7, 0, 0, 0, 0, 0, 0, 0, "Jukebox script"),
(@ENTRY, 0, 490, 0, 62, 0, 100, 0, @GOSSIP_MENU+38, 16, 0, 0, 4, 11805, 1, 0, 0, 0, 0, 7, 0, 0, 0, 0, 0, 0, 0, "Jukebox script"),
(@ENTRY, 0, 491, 0, 62, 0, 100, 0, @GOSSIP_MENU+6, 16, 0, 0, 4, 5055, 1, 0, 0, 0, 0, 7, 0, 0, 0, 0, 0, 0, 0, "Jukebox script"),
(@ENTRY, 0, 492, 0, 62, 0, 100, 0, @GOSSIP_MENU+4, 16, 0, 0, 4, 17675, 1, 0, 0, 0, 0, 7, 0, 0, 0, 0, 0, 0, 0, "Jukebox script"),
(@ENTRY, 0, 493, 0, 62, 0, 100, 0, @GOSSIP_MENU+37, 16, 0, 0, 4, 17299, 1, 0, 0, 0, 0, 7, 0, 0, 0, 0, 0, 0, 0, "Jukebox script"),
(@ENTRY, 0, 494, 0, 62, 0, 100, 0, @GOSSIP_MENU+2, 16, 0, 0, 4, 17279, 1, 0, 0, 0, 0, 7, 0, 0, 0, 0, 0, 0, 0, "Jukebox script"),
(@ENTRY, 0, 495, 0, 62, 0, 100, 0, @GOSSIP_MENU+45, 17, 0, 0, 4, 14878, 1, 0, 0, 0, 0, 7, 0, 0, 0, 0, 0, 0, 0, "Jukebox script"),
(@ENTRY, 0, 496, 0, 62, 0, 100, 0, @GOSSIP_MENU+34, 17, 0, 0, 4, 14844, 1, 0, 0, 0, 0, 7, 0, 0, 0, 0, 0, 0, 0, "Jukebox script"),
(@ENTRY, 0, 497, 0, 62, 0, 100, 0, @GOSSIP_MENU+43, 17, 0, 0, 4, 12752, 1, 0, 0, 0, 0, 7, 0, 0, 0, 0, 0, 0, 0, "Jukebox script"),
(@ENTRY, 0, 498, 0, 62, 0, 100, 0, @GOSSIP_MENU+41, 17, 0, 0, 4, 9906, 1, 0, 0, 0, 0, 7, 0, 0, 0, 0, 0, 0, 0, "Jukebox script"),
(@ENTRY, 0, 499, 0, 62, 0, 100, 0, @GOSSIP_MENU+42, 17, 0, 0, 4, 12554, 1, 0, 0, 0, 0, 7, 0, 0, 0, 0, 0, 0, 0, "Jukebox script"),
(@ENTRY, 0, 500, 0, 62, 0, 100, 0, @GOSSIP_MENU+40, 17, 0, 0, 4, 13379, 1, 0, 0, 0, 0, 7, 0, 0, 0, 0, 0, 0, 0, "Jukebox script"),
(@ENTRY, 0, 501, 0, 62, 0, 100, 0, @GOSSIP_MENU+32, 17, 0, 0, 4, 9126, 1, 0, 0, 0, 0, 7, 0, 0, 0, 0, 0, 0, 0, "Jukebox script"),
(@ENTRY, 0, 502, 0, 62, 0, 100, 0, @GOSSIP_MENU+29, 17, 0, 0, 4, 12566, 1, 0, 0, 0, 0, 7, 0, 0, 0, 0, 0, 0, 0, "Jukebox script"),
(@ENTRY, 0, 503, 0, 62, 0, 100, 0, @GOSSIP_MENU+24, 17, 0, 0, 4, 11723, 1, 0, 0, 0, 0, 7, 0, 0, 0, 0, 0, 0, 0, "Jukebox script"),
(@ENTRY, 0, 504, 0, 62, 0, 100, 0, @GOSSIP_MENU+11, 17, 0, 0, 4, 9785, 1, 0, 0, 0, 0, 7, 0, 0, 0, 0, 0, 0, 0, "Jukebox script"),
(@ENTRY, 0, 505, 0, 62, 0, 100, 0, @GOSSIP_MENU+7, 17, 0, 0, 4, 6836, 1, 0, 0, 0, 0, 7, 0, 0, 0, 0, 0, 0, 0, "Jukebox script"),
(@ENTRY, 0, 506, 0, 62, 0, 100, 0, @GOSSIP_MENU+38, 17, 0, 0, 4, 12328, 1, 0, 0, 0, 0, 7, 0, 0, 0, 0, 0, 0, 0, "Jukebox script"),
(@ENTRY, 0, 507, 0, 62, 0, 100, 0, @GOSSIP_MENU+6, 17, 0, 0, 4, 2902, 1, 0, 0, 0, 0, 7, 0, 0, 0, 0, 0, 0, 0, "Jukebox script"),
(@ENTRY, 0, 508, 0, 62, 0, 100, 0, @GOSSIP_MENU+4, 17, 0, 0, 4, 17676, 1, 0, 0, 0, 0, 7, 0, 0, 0, 0, 0, 0, 0, "Jukebox script"),
(@ENTRY, 0, 509, 0, 62, 0, 100, 0, @GOSSIP_MENU+37, 17, 0, 0, 4, 17300, 1, 0, 0, 0, 0, 7, 0, 0, 0, 0, 0, 0, 0, "Jukebox script"),
(@ENTRY, 0, 510, 0, 62, 0, 100, 0, @GOSSIP_MENU+2, 17, 0, 0, 4, 17282, 1, 0, 0, 0, 0, 7, 0, 0, 0, 0, 0, 0, 0, "Jukebox script"),
(@ENTRY, 0, 511, 0, 62, 0, 100, 0, @GOSSIP_MENU+45, 18, 0, 0, 4, 17275, 1, 0, 0, 0, 0, 7, 0, 0, 0, 0, 0, 0, 0, "Jukebox script"),
(@ENTRY, 0, 512, 0, 62, 0, 100, 0, @GOSSIP_MENU+34, 18, 0, 0, 4, 14870, 1, 0, 0, 0, 0, 7, 0, 0, 0, 0, 0, 0, 0, "Jukebox script"),
(@ENTRY, 0, 513, 0, 62, 0, 100, 0, @GOSSIP_MENU+43, 18, 0, 0, 4, 4205, 1, 0, 0, 0, 0, 7, 0, 0, 0, 0, 0, 0, 0, "Jukebox script"),
(@ENTRY, 0, 514, 0, 62, 0, 100, 0, @GOSSIP_MENU+41, 18, 0, 0, 4, 4174, 1, 0, 0, 0, 0, 7, 0, 0, 0, 0, 0, 0, 0, "Jukebox script"),
(@ENTRY, 0, 515, 0, 62, 0, 100, 0, @GOSSIP_MENU+42, 18, 0, 0, 4, 12753, 1, 0, 0, 0, 0, 7, 0, 0, 0, 0, 0, 0, 0, "Jukebox script"),
(@ENTRY, 0, 516, 0, 62, 0, 100, 0, @GOSSIP_MENU+40, 18, 0, 0, 4, 10819, 1, 0, 0, 0, 0, 7, 0, 0, 0, 0, 0, 0, 0, "Jukebox script"),
(@ENTRY, 0, 517, 0, 62, 0, 100, 0, @GOSSIP_MENU+32, 18, 0, 0, 4, 9127, 1, 0, 0, 0, 0, 7, 0, 0, 0, 0, 0, 0, 0, "Jukebox script"),
(@ENTRY, 0, 518, 0, 62, 0, 100, 0, @GOSSIP_MENU+39, 18, 0, 0, 4, 10849, 1, 0, 0, 0, 0, 7, 0, 0, 0, 0, 0, 0, 0, "Jukebox script"),
(@ENTRY, 0, 519, 0, 62, 0, 100, 0, @GOSSIP_MENU+24, 18, 0, 0, 4, 11708, 1, 0, 0, 0, 0, 7, 0, 0, 0, 0, 0, 0, 0, "Jukebox script"),
(@ENTRY, 0, 520, 0, 62, 0, 100, 0, @GOSSIP_MENU+11, 18, 0, 0, 4, 10864, 1, 0, 0, 0, 0, 7, 0, 0, 0, 0, 0, 0, 0, "Jukebox script"),
(@ENTRY, 0, 521, 0, 62, 0, 100, 0, @GOSSIP_MENU+7, 18, 0, 0, 4, 7082, 1, 0, 0, 0, 0, 7, 0, 0, 0, 0, 0, 0, 0, "Jukebox script"),
(@ENTRY, 0, 522, 0, 62, 0, 100, 0, @GOSSIP_MENU+38, 18, 0, 0, 4, 12136, 1, 0, 0, 0, 0, 7, 0, 0, 0, 0, 0, 0, 0, "Jukebox script"),
(@ENTRY, 0, 523, 0, 62, 0, 100, 0, @GOSSIP_MENU+6, 18, 0, 0, 4, 6081, 1, 0, 0, 0, 0, 7, 0, 0, 0, 0, 0, 0, 0, "Jukebox script"),
(@ENTRY, 0, 524, 0, 62, 0, 100, 0, @GOSSIP_MENU+4, 18, 0, 0, 4, 17677, 1, 0, 0, 0, 0, 7, 0, 0, 0, 0, 0, 0, 0, "Jukebox script"),
(@ENTRY, 0, 525, 0, 62, 0, 100, 0, @GOSSIP_MENU+37, 18, 0, 0, 4, 17295, 1, 0, 0, 0, 0, 7, 0, 0, 0, 0, 0, 0, 0, "Jukebox script"),
(@ENTRY, 0, 526, 0, 62, 0, 100, 0, @GOSSIP_MENU+2, 18, 0, 0, 4, 17290, 1, 0, 0, 0, 0, 7, 0, 0, 0, 0, 0, 0, 0, "Jukebox script"),
(@ENTRY, 0, 527, 0, 62, 0, 100, 0, @GOSSIP_MENU+45, 19, 0, 0, 4, 14871, 1, 0, 0, 0, 0, 7, 0, 0, 0, 0, 0, 0, 0, "Jukebox script"),
(@ENTRY, 0, 528, 0, 62, 0, 100, 0, @GOSSIP_MENU+34, 19, 0, 0, 4, 14855, 1, 0, 0, 0, 0, 7, 0, 0, 0, 0, 0, 0, 0, "Jukebox script"),
(@ENTRY, 0, 529, 0, 62, 0, 100, 0, @GOSSIP_MENU+43, 19, 0, 0, 4, 4206, 1, 0, 0, 0, 0, 7, 0, 0, 0, 0, 0, 0, 0, "Jukebox script"),
(@ENTRY, 0, 530, 0, 62, 0, 100, 0, @GOSSIP_MENU+41, 19, 0, 0, 4, 12546, 1, 0, 0, 0, 0, 7, 0, 0, 0, 0, 0, 0, 0, "Jukebox script"),
(@ENTRY, 0, 531, 0, 62, 0, 100, 0, @GOSSIP_MENU+42, 19, 0, 0, 4, 4187, 1, 0, 0, 0, 0, 7, 0, 0, 0, 0, 0, 0, 0, "Jukebox script"),
(@ENTRY, 0, 532, 0, 62, 0, 100, 0, @GOSSIP_MENU+40, 19, 0, 0, 4, 4172, 1, 0, 0, 0, 0, 7, 0, 0, 0, 0, 0, 0, 0, "Jukebox script"),
(@ENTRY, 0, 533, 0, 62, 0, 100, 0, @GOSSIP_MENU+32, 19, 0, 0, 4, 9990, 1, 0, 0, 0, 0, 7, 0, 0, 0, 0, 0, 0, 0, "Jukebox script"),
(@ENTRY, 0, 534, 0, 62, 0, 100, 0, @GOSSIP_MENU+39, 19, 0, 0, 4, 15061, 1, 0, 0, 0, 0, 7, 0, 0, 0, 0, 0, 0, 0, "Jukebox script"),
(@ENTRY, 0, 535, 0, 62, 0, 100, 0, @GOSSIP_MENU+24, 19, 0, 0, 4, 11727, 1, 0, 0, 0, 0, 7, 0, 0, 0, 0, 0, 0, 0, "Jukebox script"),
(@ENTRY, 0, 536, 0, 62, 0, 100, 0, @GOSSIP_MENU+11, 19, 0, 0, 4, 10707, 1, 0, 0, 0, 0, 7, 0, 0, 0, 0, 0, 0, 0, "Jukebox script"),
(@ENTRY, 0, 537, 0, 62, 0, 100, 0, @GOSSIP_MENU+38, 19, 0, 0, 4, 4516, 1, 0, 0, 0, 0, 7, 0, 0, 0, 0, 0, 0, 0, "Jukebox script"),
(@ENTRY, 0, 538, 0, 62, 0, 100, 0, @GOSSIP_MENU+6, 19, 0, 0, 4, 6146, 1, 0, 0, 0, 0, 7, 0, 0, 0, 0, 0, 0, 0, "Jukebox script"),
(@ENTRY, 0, 539, 0, 62, 0, 100, 0, @GOSSIP_MENU+37, 19, 0, 0, 4, 17296, 1, 0, 0, 0, 0, 7, 0, 0, 0, 0, 0, 0, 0, "Jukebox script"),
(@ENTRY, 0, 540, 0, 62, 0, 100, 0, @GOSSIP_MENU+2, 19, 0, 0, 4, 17319, 1, 0, 0, 0, 0, 7, 0, 0, 0, 0, 0, 0, 0, "Jukebox script"),
(@ENTRY, 0, 541, 0, 62, 0, 100, 0, @GOSSIP_MENU, 19, 0, 0, 4, 18019, 1, 0, 0, 0, 0, 7, 0, 0, 0, 0, 0, 0, 0, "Jukebox script"),
(@ENTRY, 0, 542, 0, 62, 0, 100, 0, @GOSSIP_MENU+45, 20, 0, 0, 4, 14856, 1, 0, 0, 0, 0, 7, 0, 0, 0, 0, 0, 0, 0, "Jukebox script"),
(@ENTRY, 0, 543, 0, 62, 0, 100, 0, @GOSSIP_MENU+34, 20, 0, 0, 4, 14873, 1, 0, 0, 0, 0, 7, 0, 0, 0, 0, 0, 0, 0, "Jukebox script"),
(@ENTRY, 0, 544, 0, 62, 0, 100, 0, @GOSSIP_MENU+43, 20, 0, 0, 4, 4207, 1, 0, 0, 0, 0, 7, 0, 0, 0, 0, 0, 0, 0, "Jukebox script"),
(@ENTRY, 0, 545, 0, 62, 0, 100, 0, @GOSSIP_MENU+41, 20, 0, 0, 4, 12776, 1, 0, 0, 0, 0, 7, 0, 0, 0, 0, 0, 0, 0, "Jukebox script"),
(@ENTRY, 0, 546, 0, 62, 0, 100, 0, @GOSSIP_MENU+42, 20, 0, 0, 4, 4188, 1, 0, 0, 0, 0, 7, 0, 0, 0, 0, 0, 0, 0, "Jukebox script"),
(@ENTRY, 0, 547, 0, 62, 0, 100, 0, @GOSSIP_MENU+40, 20, 0, 0, 4, 4173, 1, 0, 0, 0, 0, 7, 0, 0, 0, 0, 0, 0, 0, "Jukebox script"),
(@ENTRY, 0, 548, 0, 62, 0, 100, 0, @GOSSIP_MENU+32, 20, 0, 0, 4, 12547, 1, 0, 0, 0, 0, 7, 0, 0, 0, 0, 0, 0, 0, "Jukebox script"),
(@ENTRY, 0, 549, 0, 62, 0, 100, 0, @GOSSIP_MENU+39, 20, 0, 0, 4, 15086, 1, 0, 0, 0, 0, 7, 0, 0, 0, 0, 0, 0, 0, "Jukebox script"),
(@ENTRY, 0, 550, 0, 62, 0, 100, 0, @GOSSIP_MENU+24, 20, 0, 0, 4, 11726, 1, 0, 0, 0, 0, 7, 0, 0, 0, 0, 0, 0, 0, "Jukebox script"),
(@ENTRY, 0, 551, 0, 62, 0, 100, 0, @GOSSIP_MENU+38, 20, 0, 0, 4, 5234, 1, 0, 0, 0, 0, 7, 0, 0, 0, 0, 0, 0, 0, "Jukebox script"),
(@ENTRY, 0, 552, 0, 62, 0, 100, 0, @GOSSIP_MENU+6, 20, 0, 0, 4, 2901, 1, 0, 0, 0, 0, 7, 0, 0, 0, 0, 0, 0, 0, "Jukebox script"),
(@ENTRY, 0, 553, 0, 62, 0, 100, 0, @GOSSIP_MENU+37, 20, 0, 0, 4, 17297, 1, 0, 0, 0, 0, 7, 0, 0, 0, 0, 0, 0, 0, "Jukebox script"),
(@ENTRY, 0, 554, 0, 62, 0, 100, 0, @GOSSIP_MENU+2, 20, 0, 0, 4, 17278, 1, 0, 0, 0, 0, 7, 0, 0, 0, 0, 0, 0, 0, "Jukebox script"),
(@ENTRY, 0, 555, 0, 62, 0, 100, 0, @GOSSIP_MENU+45, 21, 0, 0, 4, 14857, 1, 0, 0, 0, 0, 7, 0, 0, 0, 0, 0, 0, 0, "Jukebox script"),
(@ENTRY, 0, 556, 0, 62, 0, 100, 0, @GOSSIP_MENU+34, 21, 0, 0, 4, 14872, 1, 0, 0, 0, 0, 7, 0, 0, 0, 0, 0, 0, 0, "Jukebox script"),
(@ENTRY, 0, 557, 0, 62, 0, 100, 0, @GOSSIP_MENU+43, 21, 0, 0, 4, 4208, 1, 0, 0, 0, 0, 7, 0, 0, 0, 0, 0, 0, 0, "Jukebox script"),
(@ENTRY, 0, 558, 0, 62, 0, 100, 0, @GOSSIP_MENU+41, 21, 0, 0, 4, 12557, 1, 0, 0, 0, 0, 7, 0, 0, 0, 0, 0, 0, 0, "Jukebox script"),
(@ENTRY, 0, 559, 0, 62, 0, 100, 0, @GOSSIP_MENU+42, 21, 0, 0, 4, 4189, 1, 0, 0, 0, 0, 7, 0, 0, 0, 0, 0, 0, 0, "Jukebox script"),
(@ENTRY, 0, 560, 0, 62, 0, 100, 0, @GOSSIP_MENU+40, 21, 0, 0, 4, 9908, 1, 0, 0, 0, 0, 7, 0, 0, 0, 0, 0, 0, 0, "Jukebox script"),
(@ENTRY, 0, 561, 0, 62, 0, 100, 0, @GOSSIP_MENU+32, 21, 0, 0, 4, 12555, 1, 0, 0, 0, 0, 7, 0, 0, 0, 0, 0, 0, 0, "Jukebox script"),
(@ENTRY, 0, 562, 0, 62, 0, 100, 0, @GOSSIP_MENU+39, 21, 0, 0, 4, 15082, 1, 0, 0, 0, 0, 7, 0, 0, 0, 0, 0, 0, 0, "Jukebox script"),
(@ENTRY, 0, 563, 0, 62, 0, 100, 0, @GOSSIP_MENU+24, 21, 0, 0, 4, 11728, 1, 0, 0, 0, 0, 7, 0, 0, 0, 0, 0, 0, 0, "Jukebox script"),
(@ENTRY, 0, 564, 0, 62, 0, 100, 0, @GOSSIP_MENU+38, 21, 0, 0, 4, 5355, 1, 0, 0, 0, 0, 7, 0, 0, 0, 0, 0, 0, 0, "Jukebox script"),
(@ENTRY, 0, 565, 0, 62, 0, 100, 0, @GOSSIP_MENU+6, 21, 0, 0, 4, 3402, 1, 0, 0, 0, 0, 7, 0, 0, 0, 0, 0, 0, 0, "Jukebox script"),
(@ENTRY, 0, 566, 0, 62, 0, 100, 0, @GOSSIP_MENU+37, 21, 0, 0, 4, 17298, 1, 0, 0, 0, 0, 7, 0, 0, 0, 0, 0, 0, 0, "Jukebox script"),
(@ENTRY, 0, 567, 0, 62, 0, 100, 0, @GOSSIP_MENU+2, 21, 0, 0, 4, 17312, 1, 0, 0, 0, 0, 7, 0, 0, 0, 0, 0, 0, 0, "Jukebox script"),
(@ENTRY, 0, 568, 0, 62, 0, 100, 0, @GOSSIP_MENU+45, 22, 0, 0, 4, 14865, 1, 0, 0, 0, 0, 7, 0, 0, 0, 0, 0, 0, 0, "Jukebox script"),
(@ENTRY, 0, 569, 0, 62, 0, 100, 0, @GOSSIP_MENU+34, 22, 0, 0, 4, 14874, 1, 0, 0, 0, 0, 7, 0, 0, 0, 0, 0, 0, 0, "Jukebox script"),
(@ENTRY, 0, 570, 0, 62, 0, 100, 0, @GOSSIP_MENU+43, 22, 0, 0, 4, 4200, 1, 0, 0, 0, 0, 7, 0, 0, 0, 0, 0, 0, 0, "Jukebox script"),
(@ENTRY, 0, 571, 0, 62, 0, 100, 0, @GOSSIP_MENU+41, 22, 0, 0, 4, 12778, 1, 0, 0, 0, 0, 7, 0, 0, 0, 0, 0, 0, 0, "Jukebox script"),
(@ENTRY, 0, 572, 0, 62, 0, 100, 0, @GOSSIP_MENU+42, 22, 0, 0, 4, 4190, 1, 0, 0, 0, 0, 7, 0, 0, 0, 0, 0, 0, 0, "Jukebox script"),
(@ENTRY, 0, 573, 0, 62, 0, 100, 0, @GOSSIP_MENU+40, 22, 0, 0, 4, 8472, 1, 0, 0, 0, 0, 7, 0, 0, 0, 0, 0, 0, 0, "Jukebox script"),
(@ENTRY, 0, 574, 0, 62, 0, 100, 0, @GOSSIP_MENU+32, 22, 0, 0, 4, 4166, 1, 0, 0, 0, 0, 7, 0, 0, 0, 0, 0, 0, 0, "Jukebox script"),
(@ENTRY, 0, 575, 0, 62, 0, 100, 0, @GOSSIP_MENU+39, 22, 0, 0, 4, 15089, 1, 0, 0, 0, 0, 7, 0, 0, 0, 0, 0, 0, 0, "Jukebox script"),
(@ENTRY, 0, 576, 0, 62, 0, 100, 0, @GOSSIP_MENU+24, 22, 0, 0, 4, 11730, 1, 0, 0, 0, 0, 7, 0, 0, 0, 0, 0, 0, 0, "Jukebox script"),
(@ENTRY, 0, 577, 0, 62, 0, 100, 0, @GOSSIP_MENU+38, 22, 0, 0, 4, 11806, 1, 0, 0, 0, 0, 7, 0, 0, 0, 0, 0, 0, 0, "Jukebox script"),
(@ENTRY, 0, 578, 0, 62, 0, 100, 0, @GOSSIP_MENU+37, 22, 0, 0, 4, 17304, 1, 0, 0, 0, 0, 7, 0, 0, 0, 0, 0, 0, 0, "Jukebox script"),
(@ENTRY, 0, 579, 0, 62, 0, 100, 0, @GOSSIP_MENU+2, 22, 0, 0, 4, 17311, 1, 0, 0, 0, 0, 7, 0, 0, 0, 0, 0, 0, 0, "Jukebox script"),
(@ENTRY, 0, 580, 0, 62, 0, 100, 0, @GOSSIP_MENU+45, 23, 0, 0, 4, 14862, 1, 0, 0, 0, 0, 7, 0, 0, 0, 0, 0, 0, 0, "Jukebox script"),
(@ENTRY, 0, 581, 0, 62, 0, 100, 0, @GOSSIP_MENU+34, 23, 0, 0, 4, 14858, 1, 0, 0, 0, 0, 7, 0, 0, 0, 0, 0, 0, 0, "Jukebox script"),
(@ENTRY, 0, 582, 0, 62, 0, 100, 0, @GOSSIP_MENU+43, 23, 0, 0, 4, 4201, 1, 0, 0, 0, 0, 7, 0, 0, 0, 0, 0, 0, 0, "Jukebox script"),
(@ENTRY, 0, 583, 0, 62, 0, 100, 0, @GOSSIP_MENU+41, 23, 0, 0, 4, 12777, 1, 0, 0, 0, 0, 7, 0, 0, 0, 0, 0, 0, 0, "Jukebox script"),
(@ENTRY, 0, 584, 0, 62, 0, 100, 0, @GOSSIP_MENU+42, 23, 0, 0, 4, 4191, 1, 0, 0, 0, 0, 7, 0, 0, 0, 0, 0, 0, 0, "Jukebox script"),
(@ENTRY, 0, 585, 0, 62, 0, 100, 0, @GOSSIP_MENU+40, 23, 0, 0, 4, 8471, 1, 0, 0, 0, 0, 7, 0, 0, 0, 0, 0, 0, 0, "Jukebox script"),
(@ENTRY, 0, 586, 0, 62, 0, 100, 0, @GOSSIP_MENU+32, 23, 0, 0, 4, 9905, 1, 0, 0, 0, 0, 7, 0, 0, 0, 0, 0, 0, 0, "Jukebox script"),
(@ENTRY, 0, 587, 0, 62, 0, 100, 0, @GOSSIP_MENU+39, 23, 0, 0, 4, 15093, 1, 0, 0, 0, 0, 7, 0, 0, 0, 0, 0, 0, 0, "Jukebox script"),
(@ENTRY, 0, 588, 0, 62, 0, 100, 0, @GOSSIP_MENU+24, 23, 0, 0, 4, 11717, 1, 0, 0, 0, 0, 7, 0, 0, 0, 0, 0, 0, 0, "Jukebox script"),
(@ENTRY, 0, 589, 0, 62, 0, 100, 0, @GOSSIP_MENU+37, 23, 0, 0, 4, 17305, 1, 0, 0, 0, 0, 7, 0, 0, 0, 0, 0, 0, 0, "Jukebox script"),
(@ENTRY, 0, 590, 0, 62, 0, 100, 0, @GOSSIP_MENU+2, 23, 0, 0, 4, 17288, 1, 0, 0, 0, 0, 7, 0, 0, 0, 0, 0, 0, 0, "Jukebox script"),
(@ENTRY, 0, 591, 0, 62, 0, 100, 0, @GOSSIP_MENU+45, 24, 0, 0, 4, 14861, 1, 0, 0, 0, 0, 7, 0, 0, 0, 0, 0, 0, 0, "Jukebox script"),
(@ENTRY, 0, 592, 0, 62, 0, 100, 0, @GOSSIP_MENU+34, 24, 0, 0, 4, 14859, 1, 0, 0, 0, 0, 7, 0, 0, 0, 0, 0, 0, 0, "Jukebox script"),
(@ENTRY, 0, 593, 0, 62, 0, 100, 0, @GOSSIP_MENU+43, 24, 0, 0, 4, 12754, 1, 0, 0, 0, 0, 7, 0, 0, 0, 0, 0, 0, 0, "Jukebox script"),
(@ENTRY, 0, 594, 0, 62, 0, 100, 0, @GOSSIP_MENU+41, 24, 0, 0, 4, 8956, 1, 0, 0, 0, 0, 7, 0, 0, 0, 0, 0, 0, 0, "Jukebox script"),
(@ENTRY, 0, 595, 0, 62, 0, 100, 0, @GOSSIP_MENU+42, 24, 0, 0, 4, 4192, 1, 0, 0, 0, 0, 7, 0, 0, 0, 0, 0, 0, 0, "Jukebox script"),
(@ENTRY, 0, 596, 0, 62, 0, 100, 0, @GOSSIP_MENU+40, 24, 0, 0, 4, 4170, 1, 0, 0, 0, 0, 7, 0, 0, 0, 0, 0, 0, 0, "Jukebox script"),
(@ENTRY, 0, 597, 0, 62, 0, 100, 0, @GOSSIP_MENU+32, 24, 0, 0, 4, 4167, 1, 0, 0, 0, 0, 7, 0, 0, 0, 0, 0, 0, 0, "Jukebox script"),
(@ENTRY, 0, 598, 0, 62, 0, 100, 0, @GOSSIP_MENU+39, 24, 0, 0, 4, 15084, 1, 0, 0, 0, 0, 7, 0, 0, 0, 0, 0, 0, 0, "Jukebox script"),
(@ENTRY, 0, 599, 0, 62, 0, 100, 0, @GOSSIP_MENU+24, 24, 0, 0, 4, 11721, 1, 0, 0, 0, 0, 7, 0, 0, 0, 0, 0, 0, 0, "Jukebox script"),
(@ENTRY, 0, 600, 0, 62, 0, 100, 0, @GOSSIP_MENU+45, 25, 0, 0, 4, 14860, 1, 0, 0, 0, 0, 7, 0, 0, 0, 0, 0, 0, 0, "Jukebox script"),
(@ENTRY, 0, 601, 0, 62, 0, 100, 0, @GOSSIP_MENU+43, 25, 0, 0, 4, 9148, 1, 0, 0, 0, 0, 7, 0, 0, 0, 0, 0, 0, 0, "Jukebox script"),
(@ENTRY, 0, 602, 0, 62, 0, 100, 0, @GOSSIP_MENU+41, 25, 0, 0, 4, 12757, 1, 0, 0, 0, 0, 7, 0, 0, 0, 0, 0, 0, 0, "Jukebox script"),
(@ENTRY, 0, 603, 0, 62, 0, 100, 0, @GOSSIP_MENU+42, 25, 0, 0, 4, 8695, 1, 0, 0, 0, 0, 7, 0, 0, 0, 0, 0, 0, 0, "Jukebox script"),
(@ENTRY, 0, 604, 0, 62, 0, 100, 0, @GOSSIP_MENU+40, 25, 0, 0, 4, 4171, 1, 0, 0, 0, 0, 7, 0, 0, 0, 0, 0, 0, 0, "Jukebox script"),
(@ENTRY, 0, 605, 0, 62, 0, 100, 0, @GOSSIP_MENU+32, 25, 0, 0, 4, 12763, 1, 0, 0, 0, 0, 7, 0, 0, 0, 0, 0, 0, 0, "Jukebox script"),
(@ENTRY, 0, 606, 0, 62, 0, 100, 0, @GOSSIP_MENU+39, 25, 0, 0, 4, 12533, 1, 0, 0, 0, 0, 7, 0, 0, 0, 0, 0, 0, 0, "Jukebox script"),
(@ENTRY, 0, 607, 0, 62, 0, 100, 0, @GOSSIP_MENU+24, 25, 0, 0, 4, 11725, 1, 0, 0, 0, 0, 7, 0, 0, 0, 0, 0, 0, 0, "Jukebox script"),
(@ENTRY, 0, 608, 0, 62, 0, 100, 0, @GOSSIP_MENU+43, 26, 0, 0, 4, 9996, 1, 0, 0, 0, 0, 7, 0, 0, 0, 0, 0, 0, 0, "Jukebox script"),
(@ENTRY, 0, 609, 0, 62, 0, 100, 0, @GOSSIP_MENU+39, 26, 0, 0, 4, 12532, 1, 0, 0, 0, 0, 7, 0, 0, 0, 0, 0, 0, 0, "Jukebox script"),
(@ENTRY, 0, 610, 0, 62, 0, 100, 0, @GOSSIP_MENU+24, 26, 0, 0, 4, 11722, 1, 0, 0, 0, 0, 7, 0, 0, 0, 0, 0, 0, 0, "Jukebox script"),
(@ENTRY, 0, 611, 0, 62, 0, 100, 0, @GOSSIP_MENU+43, 27, 0, 0, 4, 9997, 1, 0, 0, 0, 0, 7, 0, 0, 0, 0, 0, 0, 0, "Jukebox script"),
(@ENTRY, 0, 612, 0, 62, 0, 100, 0, @GOSSIP_MENU+39, 27, 0, 0, 4, 12536, 1, 0, 0, 0, 0, 7, 0, 0, 0, 0, 0, 0, 0, "Jukebox script"),
(@ENTRY, 0, 613, 0, 62, 0, 100, 0, @GOSSIP_MENU+24, 27, 0, 0, 4, 11724, 1, 0, 0, 0, 0, 7, 0, 0, 0, 0, 0, 0, 0, "Jukebox script"),
(@ENTRY, 0, 614, 0, 62, 0, 100, 0, @GOSSIP_MENU+43, 28, 0, 0, 4, 12688, 1, 0, 0, 0, 0, 7, 0, 0, 0, 0, 0, 0, 0, "Jukebox script"),
(@ENTRY, 0, 615, 0, 62, 0, 100, 0, @GOSSIP_MENU+39, 28, 0, 0, 4, 12537, 1, 0, 0, 0, 0, 7, 0, 0, 0, 0, 0, 0, 0, "Jukebox script"),
(@ENTRY, 0, 616, 0, 62, 0, 100, 0, @GOSSIP_MENU+43, 29, 0, 0, 4, 12689, 1, 0, 0, 0, 0, 7, 0, 0, 0, 0, 0, 0, 0, "Jukebox script"),
(@ENTRY, 0, 617, 0, 62, 0, 100, 0, @GOSSIP_MENU+39, 29, 0, 0, 4, 12535, 1, 0, 0, 0, 0, 7, 0, 0, 0, 0, 0, 0, 0, "Jukebox script"),
(@ENTRY, 0, 618, 0, 62, 0, 100, 0, @GOSSIP_MENU+39, 30, 0, 0, 4, 15088, 1, 0, 0, 0, 0, 7, 0, 0, 0, 0, 0, 0, 0, "Jukebox script"),
(@ENTRY, 0, 619, 0, 62, 0, 100, 0, @GOSSIP_MENU+39, 31, 0, 0, 4, 15083, 1, 0, 0, 0, 0, 7, 0, 0, 0, 0, 0, 0, 0, "Jukebox script"),
(@ENTRY, 0, 620, 0, 62, 0, 100, 0, @GOSSIP_MENU+39, 32, 0, 0, 4, 15094, 1, 0, 0, 0, 0, 7, 0, 0, 0, 0, 0, 0, 0, "Jukebox script"),
(@ENTRY, 0, 621, 0, 62, 0, 100, 0, @GOSSIP_MENU+39, 33, 0, 0, 4, 15087, 1, 0, 0, 0, 0, 7, 0, 0, 0, 0, 0, 0, 0, "Jukebox script"),
(@ENTRY, 0, 622, 0, 62, 0, 100, 0, @GOSSIP_MENU+39, 34, 0, 0, 4, 15085, 1, 0, 0, 0, 0, 7, 0, 0, 0, 0, 0, 0, 0, "Jukebox script"),
(@ENTRY, 0, 623, 0, 62, 0, 100, 0, @GOSSIP_MENU+39, 35, 0, 0, 4, 15092, 1, 0, 0, 0, 0, 7, 0, 0, 0, 0, 0, 0, 0, "Jukebox script"),
(@ENTRY, 0, 624, 0, 62, 0, 100, 0, @GOSSIP_MENU+39, 36, 0, 0, 4, 15090, 1, 0, 0, 0, 0, 7, 0, 0, 0, 0, 0, 0, 0, "Jukebox script"),
(@ENTRY, 0, 625, 0, 62, 0, 100, 0, @GOSSIP_MENU, 1, 0, 0, 68, 1, 0, 0, 0, 0, 0, 7, 0, 0, 0, 0, 0, 0, 0, "Jukebox script"),
(@ENTRY, 0, 626, 0, 62, 0, 100, 0, @GOSSIP_MENU, 2, 0, 0, 68, 2, 0, 0, 0, 0, 0, 7, 0, 0, 0, 0, 0, 0, 0, "Jukebox script"),
(@ENTRY, 0, 627, 0, 62, 0, 100, 0, @GOSSIP_MENU, 3, 0, 0, 68, 14, 0, 0, 0, 0, 0, 7, 0, 0, 0, 0, 0, 0, 0, "Jukebox script"),
(@ENTRY, 0, 628, 0, 62, 0, 100, 0, @GOSSIP_MENU, 4, 0, 0, 68, 16, 0, 0, 0, 0, 0, 7, 0, 0, 0, 0, 0, 0, 0, "Jukebox script");

/*
TrinityCore Jukebox
By Rochet2
Downloaded from http://rochet2.github.io/
Bugs and contact with E-mail: Rochet2@post.com
*/
